timestamp,pos_ego,spd_ego,current_ref_file,current_intersection,current_approach,tl_now,tl_change_step,tl_change_time_s,tl_first_20,MPC_warning,warning_1,warning_2,warning_3,warning_4,warning_5,predicted_tl_state,ILC_warning
2026-07-16 19:19:02.822758,135.55294931555903,16.4,,,,0.0,,,0 0 0 0 0 0 0 0 0 0 0 0 0 0 0 0 0 0 0 0,1.2271003826890008,2.4888191389038945,3.8024167898126118,5.17445147037119,6.605043186820649,8.090571679500675,"[[0.]
 [0.]
 [0.]
 [0.]
 [0.]
 [0.]
 [0.]
 [0.]
 [0.]
 [0.]
 [0.]
 [0.]
 [0.]
 [0.]
 [0.]
 [0.]
 [0.]
 [0.]
 [0.]
 [0.]
 [0.]
 [0.]
 [0.]
 [0.]
 [0.]
 [0.]
 [0.]
 [0.]
 [0.]
 [0.]
 [0.]
 [0.]
 [0.]
 [0.]
 [0.]
 [0.]
 [0.]
 [0.]
 [0.]
 [0.]
 [0.]
 [0.]
 [0.]
 [0.]
 [0.]
 [0.]
 [0.]
 [0.]
 [0.]
 [0.]
 [0.]]",10.478662917256926
2026-07-16 19:19:03.822758,123.91449836736481,16.7,,,,0.0,,,0 0 0 0 0 0 0 0 0 0 0 0 0 0 0 0 0 0 0 0,2.5397776922022204,5.0421064060208804,7.487296146788011,9.866444669806654,12.17692548527309,14.419485343371255,"[[0.]
 [0.]
 [0.]
 [0.]
 [0.]
 [0.]
 [0.]
 [0.]
 [0.]
 [0.]
 [0.]
 [0.]
 [0.]
 [0.]
 [0.]
 [0.]
 [0.]
 [0.]
 [0.]
 [0.]
 [0.]
 [0.]
 [0.]
 [0.]
 [0.]
 [0.]
 [0.]
 [0.]
 [0.]
 [0.]
 [0.]
 [0.]
 [0.]
 [0.]
 [0.]
 [0.]
 [0.]
 [0.]
 [0.]
 [0.]
 [0.]
 [0.]
 [0.]
 [0.]
 [0.]
 [0.]
 [0.]
 [0.]
 [0.]
 [0.]
 [0.]]",12.73433871464997
2026-07-16 19:19:04.822758,105.36497181322886,16.76,,,,0.0,,,0 0 0 0 0 0 0 0 0 0 0 0 0 0 0 0 0 0 0 0,4.845228793552433,9.512530054059084,13.909237258789423,17.99479596174469,21.75940172559361,25.21036241948288,"[[0.]
 [0.]
 [0.]
 [0.]
 [0.]
 [0.]
 [0.]
 [0.]
 [0.]
 [0.]
 [0.]
 [0.]
 [0.]
 [0.]
 [0.]
 [0.]
 [0.]
 [0.]
 [0.]
 [0.]
 [0.]
 [0.]
 [0.]
 [0.]
 [0.]
 [0.]
 [0.]
 [0.]
 [0.]
 [0.]
 [0.]
 [0.]
 [0.]
 [0.]
 [0.]
 [0.]
 [0.]
 [0.]
 [0.]
 [0.]
 [0.]
 [0.]
 [0.]
 [0.]
 [0.]
 [0.]
 [0.]
 [0.]
 [0.]
 [0.]
 [0.]]",17.182694789682834
2026-07-16 19:19:05.822758,89.69815649377674,16.92,,,,0.0,,,0 0 0 0 0 0 0 0 0 0 0 0 0 0 0 0 0 0 0 0,7.748000524845228,15.11231847798831,21.893182574295956,28.00355332211031,33.42334351249654,38.17029795785013,"[[0.]
 [0.]
 [0.]
 [0.]
 [0.]
 [0.]
 [0.]
 [0.]
 [0.]
 [0.]
 [0.]
 [0.]
 [0.]
 [0.]
 [0.]
 [0.]
 [0.]
 [0.]
 [0.]
 [0.]
 [0.]
 [0.]
 [0.]
 [0.]
 [0.]
 [0.]
 [0.]
 [0.]
 [0.]
 [0.]
 [0.]
 [0.]
 [0.]
 [0.]
 [0.]
 [0.]
 [0.]
 [0.]
 [0.]
 [0.]
 [0.]
 [0.]
 [0.]
 [0.]
 [0.]
 [0.]
 [0.]
 [0.]
 [0.]
 [0.]
 [0.]]",22.75788394712189
2026-07-16 19:19:06.822758,67.63186187488415,16.52,,,,0.0,,,0 0 0 0 0 0 0 0 0 0 0 0 0 0 0 0 0 0 0 0,14.314101723437625,27.6835529223769,39.61877843023319,49.91030550742964,58.516263890272725,65.49075986907724,"[[0.]
 [0.]
 [0.]
 [0.]
 [0.]
 [0.]
 [0.]
 [0.]
 [0.]
 [0.]
 [0.]
 [0.]
 [0.]
 [0.]
 [0.]
 [0.]
 [0.]
 [0.]
 [0.]
 [0.]
 [0.]
 [0.]
 [0.]
 [0.]
 [0.]
 [0.]
 [0.]
 [0.]
 [0.]
 [0.]
 [0.]
 [0.]
 [0.]
 [0.]
 [0.]
 [0.]
 [0.]
 [0.]
 [0.]
 [0.]
 [0.]
 [0.]
 [0.]
 [0.]
 [0.]
 [0.]
 [0.]
 [0.]
 [0.]
 [0.]
 [0.]]",36.3544663024884
2026-07-16 19:19:07.822759,50.76064964520727,15.1,,,,0.0,,,0 0 0 0 0 0 0 0 0 0 0 0 0 0 0 0 0 0 0 0,32.083778252148456,59.64895412679259,80.43475997570458,93.69329538962302,99.77978474107243,100.00000099999998,"[[0.]
 [0.]
 [0.]
 [0.]
 [0.]
 [0.]
 [0.]
 [0.]
 [0.]
 [0.]
 [0.]
 [0.]
 [0.]
 [0.]
 [0.]
 [0.]
 [0.]
 [0.]
 [0.]
 [0.]
 [0.]
 [0.]
 [0.]
 [0.]
 [0.]
 [0.]
 [0.]
 [0.]
 [0.]
 [0.]
 [0.]
 [0.]
 [0.]
 [0.]
 [0.]
 [0.]
 [0.]
 [0.]
 [0.]
 [0.]
 [0.]
 [0.]
 [0.]
 [0.]
 [0.]
 [0.]
 [0.]
 [0.]
 [0.]
 [0.]
 [0.]]",70.63601811709381
2026-07-16 19:19:08.822759,37.2486483910191,12.9,,,,0.0,,,0 0 0 0 0 0 0 0 0 0 0 0 0 0 0 0 0 0 0 0,100.0000009999986,98.93642058763282,97.43422273851682,95.44961370027625,94.54564091789425,93.33864310939714,"[[0.]
 [0.]
 [0.]
 [0.]
 [0.]
 [0.]
 [0.]
 [0.]
 [0.]
 [0.]
 [0.]
 [0.]
 [0.]
 [0.]
 [0.]
 [0.]
 [0.]
 [0.]
 [0.]
 [0.]
 [0.]
 [0.]
 [0.]
 [0.]
 [0.]
 [0.]
 [0.]
 [0.]
 [0.]
 [0.]
 [0.]
 [0.]
 [0.]
 [0.]
 [0.]
 [0.]
 [0.]
 [0.]
 [0.]
 [0.]
 [0.]
 [0.]
 [0.]
 [0.]
 [0.]
 [0.]
 [0.]
 [0.]
 [0.]
 [0.]
 [0.]]",86.09084573105628
2026-07-16 19:19:09.822759,28.0150162016854,11.120000000000001,,,,0.0,,,0 0 0 0 0 0 0 0 0 0 0 0 0 0 0 0 0 0 0 0,100.000001,99.60152722207295,70.79845360302072,73.75478605847863,71.69092350771004,69.54930250413938,"[[0.]
 [0.]
 [0.]
 [0.]
 [0.]
 [0.]
 [0.]
 [0.]
 [0.]
 [0.]
 [0.]
 [0.]
 [0.]
 [0.]
 [0.]
 [0.]
 [0.]
 [0.]
 [0.]
 [0.]
 [0.]
 [0.]
 [0.]
 [0.]
 [0.]
 [0.]
 [0.]
 [0.]
 [0.]
 [0.]
 [0.]
 [0.]
 [0.]
 [0.]
 [0.]
 [0.]
 [0.]
 [0.]
 [0.]
 [0.]
 [0.]
 [0.]
 [0.]
 [0.]
 [0.]
 [0.]
 [0.]
 [0.]
 [0.]
 [0.]
 [0.]]",63.066489289021106
2026-07-16 19:19:10.822759,13.948756728520223,8.68,,,,0.0,,,0 0 0 0 0 0 0 0 0 0 0 0 0 0 0 0 0 0 0 0,100.000001,74.59591136130297,59.49814954130614,63.50924981337046,53.7349195641187,39.29986085180378,"[[0.]
 [0.]
 [0.]
 [0.]
 [0.]
 [0.]
 [0.]
 [0.]
 [0.]
 [0.]
 [0.]
 [0.]
 [0.]
 [0.]
 [0.]
 [0.]
 [0.]
 [0.]
 [0.]
 [0.]
 [0.]
 [0.]
 [0.]
 [0.]
 [0.]
 [0.]
 [0.]
 [0.]
 [0.]
 [0.]
 [0.]
 [0.]
 [0.]
 [0.]
 [0.]
 [0.]
 [0.]
 [0.]
 [0.]
 [0.]
 [0.]
 [0.]
 [0.]
 [0.]
 [0.]
 [0.]
 [0.]
 [0.]
 [0.]
 [0.]
 [0.]]",44.783754149717794
2026-07-16 19:19:11.822759,7.637635792853381,6.08,,,,0.0,,,0 0 0 0 0 0 0 0 0 0 0 0 0 0 0 0 0 0 0 0,100.000001,38.07438177770268,25.396805164541412,21.266198177604824,18.218085193173646,15.328560887089184,"[[0.]
 [0.]
 [0.]
 [0.]
 [0.]
 [0.]
 [0.]
 [0.]
 [0.]
 [0.]
 [0.]
 [0.]
 [0.]
 [0.]
 [0.]
 [0.]
 [0.]
 [0.]
 [0.]
 [0.]
 [0.]
 [0.]
 [0.]
 [0.]
 [0.]
 [0.]
 [0.]
 [0.]
 [0.]
 [0.]
 [0.]
 [0.]
 [0.]
 [0.]
 [0.]
 [0.]
 [0.]
 [0.]
 [0.]
 [0.]
 [0.]
 [0.]
 [0.]
 [0.]
 [0.]
 [0.]
 [0.]
 [0.]
 [0.]
 [0.]
 [0.]]",2.595102963582423
2026-07-16 19:19:12.822759,3.16213352579108,4.14,,,,0.0,,,0 0 0 0 0 0 0 0 0 0 0 0 0 0 0 0 0 0 0 0,100.000001,46.0794655292928,-7.076111469132879,-14.583177789191202,-4.546854319617086,4.52158273793397,"[[0.]
 [0.]
 [0.]
 [0.]
 [0.]
 [0.]
 [0.]
 [0.]
 [0.]
 [0.]
 [0.]
 [0.]
 [0.]
 [0.]
 [0.]
 [0.]
 [0.]
 [0.]
 [0.]
 [0.]
 [0.]
 [0.]
 [0.]
 [0.]
 [0.]
 [0.]
 [0.]
 [0.]
 [0.]
 [0.]
 [0.]
 [0.]
 [0.]
 [0.]
 [0.]
 [0.]
 [0.]
 [0.]
 [0.]
 [0.]
 [0.]
 [0.]
 [0.]
 [0.]
 [0.]
 [0.]
 [0.]
 [0.]
 [0.]
 [0.]
 [0.]]",0
