timestamp,a_cal,d_cal,c_cal,T_cal,J_final
2026-05-18 11:34:10.385966,1.2,0.1,0.9,0.863,10000
2026-05-18 11:34:11.385966,1.2,0.1,0.9,0.863,10000
2026-05-18 11:34:12.405424,1.2,0.1,0.9,0.863,10000
2026-05-18 11:34:13.405424,1.2,0.1,0.9,0.863,10000
2026-05-18 11:34:14.405424,1.2,0.1,0.9,0.863,10000
2026-05-18 11:34:15.405424,1.2,0.1,0.9,0.863,10000
2026-05-18 11:34:16.405424,1.2,0.1,0.9,0.863,10000
2026-05-18 11:34:17.405443,1.2,0.1,0.9,0.863,10000
2026-05-18 11:34:18.405443,1.2,0.1,0.9,0.863,10000
2026-05-18 11:34:19.405443,0.6399999999999999,0.086,0.83,0.6089,2.6307099486319787
2026-05-18 11:34:20.451494,0.6399999999999999,0.086,0.83,0.6089,2.6307099486319787
2026-05-18 11:34:21.451855,0.6399999999999999,0.086,0.83,0.6089,2.6307099486319787
2026-05-18 11:34:22.465665,0.6399999999999999,0.086,0.83,0.6089,2.6307099486319787
2026-05-18 11:34:23.465665,0.6399999999999999,0.086,0.83,0.6089,2.6307099486319787
2026-05-18 11:34:24.465706,0.6399999999999999,0.086,0.83,0.6089,2.6307099486319787
2026-05-18 11:34:25.474174,0.6399999999999999,0.086,0.83,0.6089,2.6307099486319787
2026-05-18 11:34:26.474238,0.6399999999999999,0.086,0.83,0.6089,2.6307099486319787
2026-05-18 11:34:27.474242,0.6399999999999999,0.086,0.83,0.6089,2.6307099486319787
2026-05-18 11:34:28.474260,0.6399999999999999,0.086,0.83,0.6089,2.6307099486319787
2026-05-18 11:34:29.485103,0.6399999999999999,0.086,0.83,0.6089,2.6307099486319787
2026-05-18 11:34:30.486061,0.472,0.08179999999999998,0.8089999999999999,0.53267,2.626000718470442
2026-05-18 11:34:31.486061,0.472,0.08179999999999998,0.8089999999999999,0.53267,2.626000718470442
2026-05-18 11:34:32.486061,0.472,0.08179999999999998,0.8089999999999999,0.53267,2.626000718470442
2026-05-18 11:34:33.487398,0.472,0.08179999999999998,0.8089999999999999,0.53267,2.626000718470442
2026-05-18 11:34:34.487398,0.472,0.08179999999999998,0.8089999999999999,0.53267,2.626000718470442
2026-05-18 11:34:35.497098,0.472,0.08179999999999998,0.8089999999999999,0.53267,2.626000718470442
2026-05-18 11:34:36.497098,0.472,0.08179999999999998,0.8089999999999999,0.53267,2.626000718470442
2026-05-18 11:34:37.499264,0.472,0.08179999999999998,0.8089999999999999,0.53267,2.626000718470442
2026-05-18 11:34:38.519120,0.472,0.08179999999999998,0.8089999999999999,0.53267,2.626000718470442
2026-05-18 11:34:39.519120,0.472,0.08179999999999998,0.8089999999999999,0.53267,2.626000718470442
2026-05-18 11:34:40.519120,0.4216,0.08053999999999999,0.8027,0.509801,2.626000718470442
2026-05-18 11:34:41.519121,0.4216,0.08053999999999999,0.8027,0.509801,2.626000718470442
2026-05-18 11:34:42.519121,0.4216,0.08053999999999999,0.8027,0.509801,2.626000718470442
2026-05-18 11:34:43.519185,0.4216,0.08053999999999999,0.8027,0.509801,2.626000718470442
2026-05-18 11:34:44.521820,0.4216,0.08053999999999999,0.8027,0.509801,2.626000718470442
2026-05-18 11:34:45.521820,0.4216,0.08053999999999999,0.8027,0.509801,2.626000718470442
2026-05-18 11:34:46.521916,0.4216,0.08053999999999999,0.8027,0.509801,2.626000718470442
2026-05-18 11:34:47.521916,0.4216,0.08053999999999999,0.8027,0.509801,2.626000718470442
2026-05-18 11:34:48.521916,0.4216,0.08053999999999999,0.8027,0.509801,2.626000718470442
2026-05-18 11:34:49.523005,0.4216,0.08053999999999999,0.8027,0.509801,2.626000718470442
2026-05-18 11:34:50.523005,0.40647999999999995,0.08016199999999998,0.8008099999999999,0.5029402999999999,2.626000718470442
2026-05-18 11:34:51.523005,0.40647999999999995,0.08016199999999998,0.8008099999999999,0.5029402999999999,2.626000718470442
2026-05-18 11:34:52.523005,0.40647999999999995,0.08016199999999998,0.8008099999999999,0.5029402999999999,2.626000718470442
2026-05-18 11:34:53.523005,0.40647999999999995,0.08016199999999998,0.8008099999999999,0.5029402999999999,2.626000718470442
2026-05-18 11:34:54.523005,0.40647999999999995,0.08016199999999998,0.8008099999999999,0.5029402999999999,2.626000718470442
2026-05-18 11:34:55.523005,0.40647999999999995,0.08016199999999998,0.8008099999999999,0.5029402999999999,2.626000718470442
2026-05-18 11:34:56.524968,0.40647999999999995,0.08016199999999998,0.8008099999999999,0.5029402999999999,2.626000718470442
2026-05-18 11:34:57.524968,0.40647999999999995,0.08016199999999998,0.8008099999999999,0.5029402999999999,2.626000718470442
2026-05-18 11:34:58.525168,0.40647999999999995,0.08016199999999998,0.8008099999999999,0.5029402999999999,2.626000718470442
2026-05-18 11:34:59.530788,0.40647999999999995,0.08016199999999998,0.8008099999999999,0.5029402999999999,2.626000718470442
2026-05-18 11:35:00.531095,0.40647999999999995,0.08016199999999998,0.8008099999999999,0.5029402999999999,2.626000718470442
2026-05-18 11:35:01.531095,0.40194399999999997,0.08004859999999998,0.8002429999999999,0.50088209,2.626000718470442
2026-05-18 11:35:02.600214,0.40194399999999997,0.08004859999999998,0.8002429999999999,0.50088209,2.626000718470442
2026-05-18 11:35:03.602512,0.40194399999999997,0.08004859999999998,0.8002429999999999,0.50088209,2.626000718470442
2026-05-18 11:35:04.607418,0.40194399999999997,0.08004859999999998,0.8002429999999999,0.50088209,2.626000718470442
2026-05-18 11:35:05.609217,0.40194399999999997,0.08004859999999998,0.8002429999999999,0.50088209,2.626000718470442
2026-05-18 11:35:06.609217,0.40194399999999997,0.08004859999999998,0.8002429999999999,0.50088209,2.626000718470442
2026-05-18 11:35:07.609834,0.40194399999999997,0.08004859999999998,0.8002429999999999,0.50088209,2.626000718470442
2026-05-18 11:35:08.609834,0.40194399999999997,0.08004859999999998,0.8002429999999999,0.50088209,2.626000718470442
2026-05-18 11:35:09.617766,0.40194399999999997,0.08004859999999998,0.8002429999999999,0.50088209,2.626000718470442
2026-05-18 11:35:10.617766,0.40194399999999997,0.08004859999999998,0.8002429999999999,0.50088209,2.626000718470442
2026-05-18 11:35:11.617766,0.4005832,0.08001457999999999,0.8000729,0.500264627,2.626000718470442
2026-05-18 11:35:12.617766,0.4005832,0.08001457999999999,0.8000729,0.500264627,2.626000718470442
2026-05-18 11:35:13.617766,0.4005832,0.08001457999999999,0.8000729,0.500264627,2.626000718470442
2026-05-18 11:35:14.617766,0.4005832,0.08001457999999999,0.8000729,0.500264627,2.626000718470442
2026-05-18 11:35:15.617766,0.4005832,0.08001457999999999,0.8000729,0.500264627,2.626000718470442
2026-05-18 11:35:16.625185,0.4005832,0.08001457999999999,0.8000729,0.500264627,2.626000718470442
2026-05-18 11:35:17.630552,0.4005832,0.08001457999999999,0.8000729,0.500264627,2.626000718470442
2026-05-18 11:35:18.638709,0.4005832,0.08001457999999999,0.8000729,0.500264627,2.626000718470442
2026-05-18 11:35:19.638710,0.4005832,0.08001457999999999,0.8000729,0.500264627,2.626000718470442
2026-05-18 11:35:20.638710,0.4005832,0.08001457999999999,0.8000729,0.500264627,2.626000718470442
2026-05-18 11:35:21.639809,0.40017495999999997,0.08000437399999999,0.8000218699999999,0.5000793881,2.626000718470442
2026-05-18 11:35:22.639809,0.40017495999999997,0.08000437399999999,0.8000218699999999,0.5000793881,2.626000718470442
2026-05-18 11:35:23.649078,0.40017495999999997,0.08000437399999999,0.8000218699999999,0.5000793881,2.626000718470442
2026-05-18 11:35:24.649078,0.40017495999999997,0.08000437399999999,0.8000218699999999,0.5000793881,2.626000718470442
2026-05-18 11:35:25.656478,0.40017495999999997,0.08000437399999999,0.8000218699999999,0.5000793881,2.626000718470442
2026-05-18 11:35:26.656478,0.40017495999999997,0.08000437399999999,0.8000218699999999,0.5000793881,2.626000718470442
2026-05-18 11:35:27.659021,0.40017495999999997,0.08000437399999999,0.8000218699999999,0.5000793881,2.626000718470442
2026-05-18 11:35:28.659932,0.40017495999999997,0.08000437399999999,0.8000218699999999,0.5000793881,2.626000718470442
2026-05-18 11:35:29.659932,0.40017495999999997,0.08000437399999999,0.8000218699999999,0.5000793881,2.626000718470442
2026-05-18 11:35:30.660865,0.40017495999999997,0.08000437399999999,0.8000218699999999,0.5000793881,2.626000718470442
2026-05-18 11:35:31.663301,0.40005248799999993,0.0800013122,0.8000065609999999,0.5000238164299999,2.75774725467622
2026-05-18 11:35:32.663494,0.40005248799999993,0.0800013122,0.8000065609999999,0.5000238164299999,2.75774725467622
2026-05-18 11:35:33.663494,0.40005248799999993,0.0800013122,0.8000065609999999,0.5000238164299999,2.75774725467622
2026-05-18 11:35:34.663494,0.40005248799999993,0.0800013122,0.8000065609999999,0.5000238164299999,2.75774725467622
2026-05-18 11:35:35.666663,0.40005248799999993,0.0800013122,0.8000065609999999,0.5000238164299999,2.75774725467622
2026-05-18 11:35:36.671306,0.40005248799999993,0.0800013122,0.8000065609999999,0.5000238164299999,2.75774725467622
2026-05-18 11:35:37.671306,0.40005248799999993,0.0800013122,0.8000065609999999,0.5000238164299999,2.75774725467622
2026-05-18 11:35:38.671306,0.40005248799999993,0.0800013122,0.8000065609999999,0.5000238164299999,2.75774725467622
2026-05-18 11:35:39.671306,0.40005248799999993,0.0800013122,0.8000065609999999,0.5000238164299999,2.75774725467622
2026-05-18 11:35:40.671473,0.40005248799999993,0.0800013122,0.8000065609999999,0.5000238164299999,2.75774725467622
2026-05-18 11:35:41.672319,0.4000157463999999,0.08000039365999999,0.8000019682999999,0.500007144929,2.6568068319068425
2026-05-18 11:35:42.672427,0.4000157463999999,0.08000039365999999,0.8000019682999999,0.500007144929,2.6568068319068425
2026-05-18 11:35:43.673138,0.4000157463999999,0.08000039365999999,0.8000019682999999,0.500007144929,2.6568068319068425
2026-05-18 11:35:44.673138,0.4000157463999999,0.08000039365999999,0.8000019682999999,0.500007144929,2.6568068319068425
2026-05-18 11:35:45.673138,0.4000157463999999,0.08000039365999999,0.8000019682999999,0.500007144929,2.6568068319068425
2026-05-18 11:35:46.673138,0.4000157463999999,0.08000039365999999,0.8000019682999999,0.500007144929,2.6568068319068425
2026-05-18 11:41:58.684872,0.40000472391999997,0.08000011809799999,0.8000005904899999,0.5000021434787,2.6568068319068425
2026-05-18 11:41:59.685079,0.40000472391999997,0.08000011809799999,0.8000005904899999,0.5000021434787,2.6568068319068425
2026-05-18 11:42:00.686288,0.40000472391999997,0.08000011809799999,0.8000005904899999,0.5000021434787,2.6568068319068425
2026-05-18 11:42:01.686288,0.40000472391999997,0.08000011809799999,0.8000005904899999,0.5000021434787,2.6568068319068425
2026-05-18 11:42:02.686288,0.40000472391999997,0.08000011809799999,0.8000005904899999,0.5000021434787,2.6568068319068425
2026-05-18 11:42:03.686288,0.40000472391999997,0.08000011809799999,0.8000005904899999,0.5000021434787,2.6568068319068425
2026-05-18 11:42:04.686288,0.40000472391999997,0.08000011809799999,0.8000005904899999,0.5000021434787,2.6568068319068425
2026-05-18 11:42:05.686288,0.40000472391999997,0.08000011809799999,0.8000005904899999,0.5000021434787,2.6568068319068425
2026-05-18 11:42:06.686295,0.40000472391999997,0.08000011809799999,0.8000005904899999,0.5000021434787,2.6568068319068425
2026-05-18 11:42:07.686295,0.40000472391999997,0.08000011809799999,0.8000005904899999,0.5000021434787,2.6568068319068425
2026-05-18 11:42:08.686299,0.40000472391999997,0.08000011809799999,0.8000005904899999,0.5000021434787,2.6568068319068425
2026-05-18 11:42:09.686299,0.40000141717599996,0.08000003542939998,0.8000001771469999,0.5000006430436099,2.6568068319068425
2026-05-18 11:42:10.686727,0.40000141717599996,0.08000003542939998,0.8000001771469999,0.5000006430436099,2.6568068319068425
2026-05-18 11:42:11.686727,0.40000141717599996,0.08000003542939998,0.8000001771469999,0.5000006430436099,2.6568068319068425
2026-05-18 11:42:12.688629,0.40000141717599996,0.08000003542939998,0.8000001771469999,0.5000006430436099,2.6568068319068425
2026-05-18 11:42:13.688629,0.40000141717599996,0.08000003542939998,0.8000001771469999,0.5000006430436099,2.6568068319068425
2026-05-18 11:42:14.688829,0.40000141717599996,0.08000003542939998,0.8000001771469999,0.5000006430436099,2.6568068319068425
2026-05-18 11:42:15.688829,0.40000141717599996,0.08000003542939998,0.8000001771469999,0.5000006430436099,2.6568068319068425
2026-05-18 11:42:16.688829,0.40000141717599996,0.08000003542939998,0.8000001771469999,0.5000006430436099,2.6568068319068425
2026-05-18 11:42:17.688829,0.40000141717599996,0.08000003542939998,0.8000001771469999,0.5000006430436099,2.6568068319068425
2026-05-18 11:42:18.688829,0.40000141717599996,0.08000003542939998,0.8000001771469999,0.5000006430436099,2.6568068319068425
2026-05-18 11:42:19.689984,0.4000004251528,0.08000001062881999,0.8000000531440998,0.500000192913083,2.6568068319068425
2026-05-18 11:42:20.689984,0.4000004251528,0.08000001062881999,0.8000000531440998,0.500000192913083,2.6568068319068425
2026-05-18 11:42:21.689984,0.4000004251528,0.08000001062881999,0.8000000531440998,0.500000192913083,2.6568068319068425
2026-05-18 11:42:22.689984,0.4000004251528,0.08000001062881999,0.8000000531440998,0.500000192913083,2.6568068319068425
2026-05-18 11:42:23.689984,0.4000004251528,0.08000001062881999,0.8000000531440998,0.500000192913083,2.6568068319068425
2026-05-18 11:42:24.689984,0.4000004251528,0.08000001062881999,0.8000000531440998,0.500000192913083,2.6568068319068425
2026-05-18 11:42:25.691035,0.4000004251528,0.08000001062881999,0.8000000531440998,0.500000192913083,2.6568068319068425
2026-05-18 11:42:26.691035,0.4000004251528,0.08000001062881999,0.8000000531440998,0.500000192913083,2.6568068319068425
2026-05-18 11:42:27.694704,0.4000004251528,0.08000001062881999,0.8000000531440998,0.500000192913083,2.6568068319068425
2026-05-18 11:42:28.694704,0.4000004251528,0.08000001062881999,0.8000000531440998,0.500000192913083,2.6568068319068425
2026-05-18 11:42:29.694704,0.4000004251528,0.08000001062881999,0.8000000531440998,0.500000192913083,2.6568068319068425
2026-05-18 11:42:30.709048,0.40000012754583997,0.08000000318864599,0.8000000159432299,0.5000000578739249,2.6568068319068425
2026-05-18 11:42:31.709048,0.40000012754583997,0.08000000318864599,0.8000000159432299,0.5000000578739249,2.6568068319068425
2026-05-18 11:42:32.709048,0.40000012754583997,0.08000000318864599,0.8000000159432299,0.5000000578739249,2.6568068319068425
2026-05-18 11:42:33.709062,0.40000012754583997,0.08000000318864599,0.8000000159432299,0.5000000578739249,2.6568068319068425
2026-05-18 11:42:34.709635,0.40000012754583997,0.08000000318864599,0.8000000159432299,0.5000000578739249,2.6568068319068425
2026-05-18 11:42:35.709635,0.40000012754583997,0.08000000318864599,0.8000000159432299,0.5000000578739249,2.6568068319068425
2026-05-18 11:42:36.709644,0.40000012754583997,0.08000000318864599,0.8000000159432299,0.5000000578739249,2.6568068319068425
2026-05-18 11:42:37.718455,0.40000012754583997,0.08000000318864599,0.8000000159432299,0.5000000578739249,2.6568068319068425
2026-05-18 11:42:38.719134,0.40000012754583997,0.08000000318864599,0.8000000159432299,0.5000000578739249,2.6568068319068425
2026-05-18 11:42:39.719134,0.40000012754583997,0.08000000318864599,0.8000000159432299,0.5000000578739249,2.6568068319068425
2026-05-18 11:42:40.719134,0.40000003826375197,0.08000000095659379,0.800000004782969,0.5000000173621775,2.6568068319068425
2026-05-18 11:42:41.719137,0.40000003826375197,0.08000000095659379,0.800000004782969,0.5000000173621775,2.6568068319068425
2026-05-18 11:42:42.719137,0.40000003826375197,0.08000000095659379,0.800000004782969,0.5000000173621775,2.6568068319068425
2026-05-18 11:42:43.719344,0.40000003826375197,0.08000000095659379,0.800000004782969,0.5000000173621775,2.6568068319068425
2026-05-18 11:42:44.719360,0.40000003826375197,0.08000000095659379,0.800000004782969,0.5000000173621775,2.6568068319068425
2026-05-18 11:42:45.723358,0.40000003826375197,0.08000000095659379,0.800000004782969,0.5000000173621775,2.6568068319068425
2026-05-18 11:42:46.723358,0.40000003826375197,0.08000000095659379,0.800000004782969,0.5000000173621775,2.6568068319068425
2026-05-18 11:42:47.723358,0.40000003826375197,0.08000000095659379,0.800000004782969,0.5000000173621775,2.6568068319068425
2026-05-18 11:42:48.723358,0.40000003826375197,0.08000000095659379,0.800000004782969,0.5000000173621775,2.6568068319068425
2026-05-18 11:42:49.729805,0.40000003826375197,0.08000000095659379,0.800000004782969,0.5000000173621775,2.6568068319068425
2026-05-18 11:42:50.729819,0.40000001147912556,0.08000000028697812,0.8000000014348906,0.5000000052086532,2.6568068319068425
2026-05-18 11:42:51.729819,0.40000001147912556,0.08000000028697812,0.8000000014348906,0.5000000052086532,2.6568068319068425
2026-05-18 11:42:52.729819,0.40000001147912556,0.08000000028697812,0.8000000014348906,0.5000000052086532,2.6568068319068425
2026-05-18 11:42:53.730930,0.40000001147912556,0.08000000028697812,0.8000000014348906,0.5000000052086532,2.6568068319068425
2026-05-18 11:42:54.731109,0.40000001147912556,0.08000000028697812,0.8000000014348906,0.5000000052086532,2.6568068319068425
2026-05-18 11:42:55.734294,0.40000001147912556,0.08000000028697812,0.8000000014348906,0.5000000052086532,2.6568068319068425
2026-05-18 11:42:56.734294,0.40000001147912556,0.08000000028697812,0.8000000014348906,0.5000000052086532,2.6568068319068425
2026-05-18 11:42:57.737267,0.40000001147912556,0.08000000028697812,0.8000000014348906,0.5000000052086532,2.6568068319068425
2026-05-18 11:42:58.737267,0.40000001147912556,0.08000000028697812,0.8000000014348906,0.5000000052086532,2.6568068319068425
2026-05-18 11:42:59.737267,0.40000001147912556,0.08000000028697812,0.8000000014348906,0.5000000052086532,2.6568068319068425
2026-05-18 11:43:00.737267,0.40000000344373765,0.08000000008609343,0.800000000430467,0.5000000015625959,2.6568068319068425
2026-05-18 11:43:01.748051,0.40000000344373765,0.08000000008609343,0.800000000430467,0.5000000015625959,2.6568068319068425
2026-05-18 11:43:02.748052,0.40000000344373765,0.08000000008609343,0.800000000430467,0.5000000015625959,2.6568068319068425
2026-05-18 11:43:03.748469,0.40000000344373765,0.08000000008609343,0.800000000430467,0.5000000015625959,2.6568068319068425
2026-05-18 11:43:04.748494,0.40000000344373765,0.08000000008609343,0.800000000430467,0.5000000015625959,2.6568068319068425
2026-05-18 11:43:05.748494,0.40000000344373765,0.08000000008609343,0.800000000430467,0.5000000015625959,2.6568068319068425
2026-05-18 11:43:06.751407,0.40000000344373765,0.08000000008609343,0.800000000430467,0.5000000015625959,2.6568068319068425
2026-05-18 11:43:07.751407,0.40000000344373765,0.08000000008609343,0.800000000430467,0.5000000015625959,2.6568068319068425
2026-05-18 11:43:08.751407,0.40000000344373765,0.08000000008609343,0.800000000430467,0.5000000015625959,2.6568068319068425
2026-05-18 11:43:09.751597,0.40000000344373765,0.08000000008609343,0.800000000430467,0.5000000015625959,2.6568068319068425
2026-05-18 11:43:10.760943,0.4000000010331213,0.08000000002582802,0.8000000001291401,0.5000000004687788,2.6568068319068425
2026-05-18 11:43:11.760943,0.4000000010331213,0.08000000002582802,0.8000000001291401,0.5000000004687788,2.6568068319068425
2026-05-18 11:43:12.761734,0.4000000010331213,0.08000000002582802,0.8000000001291401,0.5000000004687788,2.6568068319068425
2026-05-18 11:43:13.761741,0.4000000010331213,0.08000000002582802,0.8000000001291401,0.5000000004687788,2.6568068319068425
2026-05-18 11:43:14.761741,0.4000000010331213,0.08000000002582802,0.8000000001291401,0.5000000004687788,2.6568068319068425
2026-05-18 11:43:15.761767,0.4000000010331213,0.08000000002582802,0.8000000001291401,0.5000000004687788,2.6568068319068425
2026-05-18 11:43:16.761767,0.4000000010331213,0.08000000002582802,0.8000000001291401,0.5000000004687788,2.6568068319068425
2026-05-18 11:43:17.761767,0.4000000010331213,0.08000000002582802,0.8000000001291401,0.5000000004687788,2.6568068319068425
2026-05-18 11:43:18.761767,0.4000000010331213,0.08000000002582802,0.8000000001291401,0.5000000004687788,2.6568068319068425
2026-05-18 11:43:19.761793,0.4000000010331213,0.08000000002582802,0.8000000001291401,0.5000000004687788,2.6568068319068425
2026-05-18 11:43:20.761793,0.4000000003099363,0.0800000000077484,0.8000000000387419,0.5000000001406336,2.6568068319068425
2026-05-18 11:43:21.764017,0.4000000003099363,0.0800000000077484,0.8000000000387419,0.5000000001406336,2.6568068319068425
2026-05-18 11:43:22.764017,0.4000000003099363,0.0800000000077484,0.8000000000387419,0.5000000001406336,2.6568068319068425
2026-05-18 11:43:23.776930,0.4000000003099363,0.0800000000077484,0.8000000000387419,0.5000000001406336,2.6568068319068425
2026-05-18 11:43:24.776930,0.4000000003099363,0.0800000000077484,0.8000000000387419,0.5000000001406336,2.6568068319068425
2026-05-18 11:43:25.776932,0.4000000003099363,0.0800000000077484,0.8000000000387419,0.5000000001406336,2.6568068319068425
2026-05-18 11:43:26.776932,0.4000000003099363,0.0800000000077484,0.8000000000387419,0.5000000001406336,2.6568068319068425
2026-05-18 11:43:27.776932,0.4000000003099363,0.0800000000077484,0.8000000000387419,0.5000000001406336,2.6568068319068425
2026-05-18 11:43:28.776940,0.4000000003099363,0.0800000000077484,0.8000000000387419,0.5000000001406336,2.6568068319068425
2026-05-18 11:43:29.776940,0.4000000003099363,0.0800000000077484,0.8000000000387419,0.5000000001406336,2.6568068319068425
2026-05-18 11:43:30.776940,0.4000000003099363,0.0800000000077484,0.8000000000387419,0.5000000001406336,2.6568068319068425
2026-05-18 11:43:31.776941,0.40000000009298087,0.08000000000232452,0.8000000000116225,0.50000000004219,2.6568068319068425
2026-05-18 11:43:32.793355,0.40000000009298087,0.08000000000232452,0.8000000000116225,0.50000000004219,2.6568068319068425
2026-05-18 11:43:33.793355,0.40000000009298087,0.08000000000232452,0.8000000000116225,0.50000000004219,2.6568068319068425
2026-05-18 11:43:34.793634,0.40000000009298087,0.08000000000232452,0.8000000000116225,0.50000000004219,2.6568068319068425
2026-05-18 11:43:35.793634,0.40000000009298087,0.08000000000232452,0.8000000000116225,0.50000000004219,2.6568068319068425
2026-05-18 11:43:36.793708,0.40000000009298087,0.08000000000232452,0.8000000000116225,0.50000000004219,2.6568068319068425
2026-05-18 11:43:37.793708,0.40000000009298087,0.08000000000232452,0.8000000000116225,0.50000000004219,2.6568068319068425
2026-05-18 11:43:38.793708,0.40000000009298087,0.08000000000232452,0.8000000000116225,0.50000000004219,2.6568068319068425
2026-05-18 11:43:39.793708,0.40000000009298087,0.08000000000232452,0.8000000000116225,0.50000000004219,2.6568068319068425
2026-05-18 11:43:40.800839,0.40000000009298087,0.08000000000232452,0.8000000000116225,0.50000000004219,2.6568068319068425
2026-05-18 11:43:41.800844,0.4000000000278942,0.08000000000069735,0.8000000000034867,0.500000000012657,2.6568068319068425
2026-05-18 11:43:42.809325,0.4000000000278942,0.08000000000069735,0.8000000000034867,0.500000000012657,2.6568068319068425
2026-05-18 11:43:43.809581,0.4000000000278942,0.08000000000069735,0.8000000000034867,0.500000000012657,2.6568068319068425
2026-05-18 11:43:44.809581,0.4000000000278942,0.08000000000069735,0.8000000000034867,0.500000000012657,2.6568068319068425
2026-05-18 11:43:45.809581,0.4000000000278942,0.08000000000069735,0.8000000000034867,0.500000000012657,2.6568068319068425
2026-05-18 11:43:46.809581,0.4000000000278942,0.08000000000069735,0.8000000000034867,0.500000000012657,2.6568068319068425
2026-05-18 11:43:47.809581,0.4000000000278942,0.08000000000069735,0.8000000000034867,0.500000000012657,2.6568068319068425
2026-05-18 11:43:48.809581,0.4000000000278942,0.08000000000069735,0.8000000000034867,0.500000000012657,2.6568068319068425
2026-05-18 11:43:49.809581,0.4000000000278942,0.08000000000069735,0.8000000000034867,0.500000000012657,2.6568068319068425
2026-05-18 11:43:50.809582,0.4000000000278942,0.08000000000069735,0.8000000000034867,0.500000000012657,2.6568068319068425
2026-05-18 11:43:51.810386,0.4000000000083682,0.0800000000002092,0.8000000000010459,0.5000000000037971,2.6568068319068425
2026-05-18 11:43:52.810915,0.4000000000083682,0.0800000000002092,0.8000000000010459,0.5000000000037971,2.6568068319068425
2026-05-18 11:43:53.810915,0.4000000000083682,0.0800000000002092,0.8000000000010459,0.5000000000037971,2.6568068319068425
2026-05-18 11:43:54.810915,0.4000000000083682,0.0800000000002092,0.8000000000010459,0.5000000000037971,2.6568068319068425
2026-05-18 11:43:55.810915,0.4000000000083682,0.0800000000002092,0.8000000000010459,0.5000000000037971,2.6568068319068425
2026-05-18 11:43:56.811194,0.4000000000083682,0.0800000000002092,0.8000000000010459,0.5000000000037971,2.6568068319068425
2026-05-18 11:43:57.811826,0.4000000000083682,0.0800000000002092,0.8000000000010459,0.5000000000037971,2.6568068319068425
2026-05-18 11:43:58.812527,0.4000000000083682,0.0800000000002092,0.8000000000010459,0.5000000000037971,2.6568068319068425
2026-05-18 11:43:59.812527,0.4000000000083682,0.0800000000002092,0.8000000000010459,0.5000000000037971,2.6568068319068425
2026-05-18 11:44:00.812571,0.4000000000083682,0.0800000000002092,0.8000000000010459,0.5000000000037971,2.6568068319068425
2026-05-18 11:44:01.812571,0.40000000000251046,0.08000000000006276,0.8000000000003137,0.5000000000011391,2.6005218598800237
2026-05-18 11:44:02.812571,0.40000000000251046,0.08000000000006276,0.8000000000003137,0.5000000000011391,2.6005218598800237
2026-05-18 11:44:03.812571,0.40000000000251046,0.08000000000006276,0.8000000000003137,0.5000000000011391,2.6005218598800237
2026-05-18 11:44:04.812571,0.40000000000251046,0.08000000000006276,0.8000000000003137,0.5000000000011391,2.6005218598800237
2026-05-18 11:44:05.812571,0.40000000000251046,0.08000000000006276,0.8000000000003137,0.5000000000011391,2.6005218598800237
2026-05-18 11:44:06.813108,0.40000000000251046,0.08000000000006276,0.8000000000003137,0.5000000000011391,2.6005218598800237
2026-05-18 11:44:07.813108,0.40000000000251046,0.08000000000006276,0.8000000000003137,0.5000000000011391,2.6005218598800237
2026-05-18 11:44:08.813108,0.40000000000251046,0.08000000000006276,0.8000000000003137,0.5000000000011391,2.6005218598800237
2026-05-18 11:44:09.820332,0.40000000000251046,0.08000000000006276,0.8000000000003137,0.5000000000011391,2.6005218598800237
2026-05-18 11:44:10.820342,0.40000000000251046,0.08000000000006276,0.8000000000003137,0.5000000000011391,2.6005218598800237
2026-05-18 11:44:11.822847,0.40000000000251046,0.08000000000006276,0.8000000000003137,0.5000000000011391,2.6005218598800237
2026-05-18 11:44:12.829378,0.4000000000007531,0.08000000000001882,0.800000000000094,0.5000000000003417,2.6005218598800237
2026-05-18 11:44:13.829446,0.4000000000007531,0.08000000000001882,0.800000000000094,0.5000000000003417,2.6005218598800237
2026-05-18 11:44:14.829446,0.4000000000007531,0.08000000000001882,0.800000000000094,0.5000000000003417,2.6005218598800237
2026-05-18 11:44:15.829446,0.4000000000007531,0.08000000000001882,0.800000000000094,0.5000000000003417,2.6005218598800237
2026-05-18 11:44:36.795127,1.2,0.1,0.9,0.863,10000
2026-05-18 11:44:37.795127,1.2,0.1,0.9,0.863,10000
2026-05-18 11:44:38.795127,1.2,0.1,0.9,0.863,10000
2026-05-18 11:44:39.795127,1.2,0.1,0.9,0.863,10000
2026-05-18 11:44:40.795127,1.2,0.1,0.9,0.863,10000
2026-05-18 11:44:41.795459,1.2,0.1,0.9,0.863,10000
2026-05-18 11:44:42.795459,1.2,0.1,0.9,0.863,10000
2026-05-18 11:44:43.795459,1.2,0.1,0.9,0.863,10000
2026-05-18 11:44:44.795459,1.2,0.1,0.9,0.863,10000
2026-05-18 11:44:45.795459,0.6399999999999999,0.086,0.83,0.6089,2.6005218598800237
2026-05-18 11:44:46.795459,0.6399999999999999,0.086,0.83,0.6089,2.6005218598800237
2026-05-18 11:44:47.800476,0.6399999999999999,0.086,0.83,0.6089,2.6005218598800237
2026-05-18 11:44:48.800476,0.6399999999999999,0.086,0.83,0.6089,2.6005218598800237
2026-05-18 11:45:21.800644,0.472,0.08179999999999998,0.8089999999999999,0.53267,2.6005218598800237
2026-05-18 11:45:22.800654,0.472,0.08179999999999998,0.8089999999999999,0.53267,2.6005218598800237
2026-05-18 11:45:23.803149,0.472,0.08179999999999998,0.8089999999999999,0.53267,2.6005218598800237
2026-05-18 11:45:24.803149,0.472,0.08179999999999998,0.8089999999999999,0.53267,2.6005218598800237
2026-05-18 11:45:25.840533,0.472,0.08179999999999998,0.8089999999999999,0.53267,2.6005218598800237
2026-05-18 11:45:33.387678,1.2,0.1,0.9,0.863,10000
2026-05-18 11:45:34.387678,1.2,0.1,0.9,0.863,10000
2026-05-18 11:45:35.387703,1.2,0.1,0.9,0.863,10000
2026-05-18 11:45:36.387705,1.2,0.1,0.9,0.863,10000
2026-05-18 11:45:37.387706,1.2,0.1,0.9,0.863,10000
2026-05-18 11:45:38.388269,1.2,0.1,0.9,0.863,10000
2026-05-18 11:45:39.388269,1.2,0.1,0.9,0.863,10000
2026-05-18 11:45:40.388269,1.2,0.1,0.9,0.863,10000
2026-05-18 11:45:41.388349,1.2,0.1,0.9,0.863,10000
2026-05-18 11:45:42.388349,0.6399999999999999,0.086,0.83,0.6089,2.6005218598800237
2026-05-18 11:45:43.389353,0.6399999999999999,0.086,0.83,0.6089,2.6005218598800237
2026-05-18 11:45:44.389353,0.6399999999999999,0.086,0.83,0.6089,2.6005218598800237
2026-05-18 11:45:45.389353,0.6399999999999999,0.086,0.83,0.6089,2.6005218598800237
2026-05-18 11:45:46.389353,0.6399999999999999,0.086,0.83,0.6089,2.6005218598800237
2026-05-18 11:45:47.389359,0.6399999999999999,0.086,0.83,0.6089,2.6005218598800237
2026-05-18 11:45:48.389359,0.6399999999999999,0.086,0.83,0.6089,2.6005218598800237
2026-05-18 11:45:49.389359,0.6399999999999999,0.086,0.83,0.6089,2.6005218598800237
2026-05-18 11:45:50.389733,0.6399999999999999,0.086,0.83,0.6089,2.6005218598800237
2026-05-18 11:45:51.389815,0.6399999999999999,0.086,0.83,0.6089,2.6005218598800237
2026-05-18 11:45:52.389815,0.472,0.08179999999999998,0.8089999999999999,0.53267,2.6005218598800237
2026-05-18 11:45:53.394865,0.472,0.08179999999999998,0.8089999999999999,0.53267,2.6005218598800237
2026-05-18 11:45:54.394865,0.472,0.08179999999999998,0.8089999999999999,0.53267,2.6005218598800237
2026-05-18 11:45:55.395476,0.472,0.08179999999999998,0.8089999999999999,0.53267,2.6005218598800237
2026-05-18 11:45:56.407106,0.472,0.08179999999999998,0.8089999999999999,0.53267,2.6005218598800237
2026-05-18 11:45:57.412390,0.472,0.08179999999999998,0.8089999999999999,0.53267,2.6005218598800237
2026-05-18 11:45:58.412394,0.472,0.08179999999999998,0.8089999999999999,0.53267,2.6005218598800237
2026-05-18 11:45:59.412394,0.472,0.08179999999999998,0.8089999999999999,0.53267,2.6005218598800237
2026-05-18 11:46:00.412394,0.472,0.08179999999999998,0.8089999999999999,0.53267,2.6005218598800237
2026-05-18 11:46:01.412394,0.472,0.08179999999999998,0.8089999999999999,0.53267,2.6005218598800237
2026-05-18 11:46:02.412492,0.4216,0.08053999999999999,0.8027,0.509801,2.6005218598800237
2026-05-18 11:46:03.412972,0.4216,0.08053999999999999,0.8027,0.509801,2.6005218598800237
2026-05-18 11:46:04.428052,0.4216,0.08053999999999999,0.8027,0.509801,2.6005218598800237
2026-05-18 11:46:05.428052,0.4216,0.08053999999999999,0.8027,0.509801,2.6005218598800237
2026-05-18 11:46:06.428121,0.4216,0.08053999999999999,0.8027,0.509801,2.6005218598800237
2026-05-18 11:46:07.428127,0.4216,0.08053999999999999,0.8027,0.509801,2.6005218598800237
2026-05-18 11:46:08.428127,0.4216,0.08053999999999999,0.8027,0.509801,2.6005218598800237
2026-05-18 11:46:09.428225,0.4216,0.08053999999999999,0.8027,0.509801,2.6005218598800237
2026-05-18 11:46:10.428296,0.4216,0.08053999999999999,0.8027,0.509801,2.6005218598800237
2026-05-18 11:46:11.428296,0.4216,0.08053999999999999,0.8027,0.509801,2.6005218598800237
2026-05-18 11:46:12.428296,0.40647999999999995,0.08016199999999998,0.8008099999999999,0.5029402999999999,2.6005218598800237
2026-05-18 11:46:13.428296,0.40647999999999995,0.08016199999999998,0.8008099999999999,0.5029402999999999,2.6005218598800237
2026-05-18 11:46:14.428296,0.40647999999999995,0.08016199999999998,0.8008099999999999,0.5029402999999999,2.6005218598800237
2026-05-18 11:46:15.428585,0.40647999999999995,0.08016199999999998,0.8008099999999999,0.5029402999999999,2.6005218598800237
2026-05-18 11:46:16.428585,0.40647999999999995,0.08016199999999998,0.8008099999999999,0.5029402999999999,2.6005218598800237
2026-05-18 11:46:17.428585,0.40647999999999995,0.08016199999999998,0.8008099999999999,0.5029402999999999,2.6005218598800237
2026-05-18 11:46:18.428585,0.40647999999999995,0.08016199999999998,0.8008099999999999,0.5029402999999999,2.6005218598800237
2026-05-18 11:46:19.428774,0.40647999999999995,0.08016199999999998,0.8008099999999999,0.5029402999999999,2.6005218598800237
2026-05-18 11:46:20.472897,0.40647999999999995,0.08016199999999998,0.8008099999999999,0.5029402999999999,2.6005218598800237
2026-05-18 11:46:21.485658,0.40647999999999995,0.08016199999999998,0.8008099999999999,0.5029402999999999,2.6005218598800237
2026-05-18 11:46:22.485845,0.40194399999999997,0.08004859999999998,0.8002429999999999,0.50088209,2.6005218598800237
2026-05-18 11:46:23.485857,0.40194399999999997,0.08004859999999998,0.8002429999999999,0.50088209,2.6005218598800237
2026-05-18 11:46:24.485857,0.40194399999999997,0.08004859999999998,0.8002429999999999,0.50088209,2.6005218598800237
2026-05-18 11:46:25.485857,0.40194399999999997,0.08004859999999998,0.8002429999999999,0.50088209,2.6005218598800237
2026-05-18 11:46:26.485857,0.40194399999999997,0.08004859999999998,0.8002429999999999,0.50088209,2.6005218598800237
2026-05-18 11:46:27.486,0.40194399999999997,0.08004859999999998,0.8002429999999999,0.50088209,2.6005218598800237
2026-05-18 11:46:28.486263,0.40194399999999997,0.08004859999999998,0.8002429999999999,0.50088209,2.6005218598800237
2026-05-18 11:46:29.486263,0.40194399999999997,0.08004859999999998,0.8002429999999999,0.50088209,2.6005218598800237
2026-05-18 11:46:30.489120,0.40194399999999997,0.08004859999999998,0.8002429999999999,0.50088209,2.6005218598800237
2026-05-18 11:46:31.489120,0.40194399999999997,0.08004859999999998,0.8002429999999999,0.50088209,2.6005218598800237
2026-05-18 11:46:32.489120,0.4005832,0.08001457999999999,0.8000729,0.500264627,2.6005218598800237
2026-05-18 11:46:33.489120,0.4005832,0.08001457999999999,0.8000729,0.500264627,2.6005218598800237
2026-05-18 11:46:34.489125,0.4005832,0.08001457999999999,0.8000729,0.500264627,2.6005218598800237
2026-05-18 11:46:35.490003,0.4005832,0.08001457999999999,0.8000729,0.500264627,2.6005218598800237
2026-05-18 11:46:36.490003,0.4005832,0.08001457999999999,0.8000729,0.500264627,2.6005218598800237
2026-05-18 11:46:37.498202,0.4005832,0.08001457999999999,0.8000729,0.500264627,2.6005218598800237
2026-05-18 11:46:38.511246,0.4005832,0.08001457999999999,0.8000729,0.500264627,2.6005218598800237
2026-05-18 11:46:39.518240,0.4005832,0.08001457999999999,0.8000729,0.500264627,2.6005218598800237
2026-05-18 11:46:40.518240,0.4005832,0.08001457999999999,0.8000729,0.500264627,2.6005218598800237
2026-05-18 11:46:41.518259,0.4005832,0.08001457999999999,0.8000729,0.500264627,2.6005218598800237
2026-05-18 11:46:42.518259,0.4005832,0.08001457999999999,0.8000729,0.500264627,2.6005218598800237
2026-05-18 11:46:43.518259,0.40017495999999997,0.08000437399999999,0.8000218699999999,0.5000793881,2.6005218598800237
2026-05-18 11:46:44.519253,0.40017495999999997,0.08000437399999999,0.8000218699999999,0.5000793881,2.6005218598800237
2026-05-18 11:46:45.519253,0.40017495999999997,0.08000437399999999,0.8000218699999999,0.5000793881,2.6005218598800237
2026-05-18 11:46:46.519253,0.40017495999999997,0.08000437399999999,0.8000218699999999,0.5000793881,2.6005218598800237
2026-05-18 11:46:47.519253,0.40017495999999997,0.08000437399999999,0.8000218699999999,0.5000793881,2.6005218598800237
2026-05-18 11:46:48.519256,0.40017495999999997,0.08000437399999999,0.8000218699999999,0.5000793881,2.6005218598800237
2026-05-18 11:46:49.519367,0.40017495999999997,0.08000437399999999,0.8000218699999999,0.5000793881,2.6005218598800237
2026-05-18 11:46:50.519367,0.40017495999999997,0.08000437399999999,0.8000218699999999,0.5000793881,2.6005218598800237
2026-05-18 11:46:51.520379,0.40017495999999997,0.08000437399999999,0.8000218699999999,0.5000793881,2.6005218598800237
2026-05-18 11:46:52.520380,0.40017495999999997,0.08000437399999999,0.8000218699999999,0.5000793881,2.6005218598800237
2026-05-18 11:46:53.520380,0.40005248799999993,0.0800013122,0.8000065609999999,0.5000238164299999,2.6005218598800237
2026-05-18 11:46:54.520380,0.40005248799999993,0.0800013122,0.8000065609999999,0.5000238164299999,2.6005218598800237
2026-05-18 11:46:55.520380,0.40005248799999993,0.0800013122,0.8000065609999999,0.5000238164299999,2.6005218598800237
2026-05-18 11:46:56.520814,0.40005248799999993,0.0800013122,0.8000065609999999,0.5000238164299999,2.6005218598800237
2026-05-18 11:46:57.520814,0.40005248799999993,0.0800013122,0.8000065609999999,0.5000238164299999,2.6005218598800237
2026-05-18 11:46:58.520814,0.40005248799999993,0.0800013122,0.8000065609999999,0.5000238164299999,2.6005218598800237
2026-05-18 11:46:59.520814,0.40005248799999993,0.0800013122,0.8000065609999999,0.5000238164299999,2.6005218598800237
2026-05-18 11:47:00.521131,0.40005248799999993,0.0800013122,0.8000065609999999,0.5000238164299999,2.6005218598800237
2026-05-18 11:47:01.524605,0.40005248799999993,0.0800013122,0.8000065609999999,0.5000238164299999,2.6005218598800237
2026-05-18 11:47:02.525236,0.40005248799999993,0.0800013122,0.8000065609999999,0.5000238164299999,2.6005218598800237
2026-05-18 11:47:03.525260,0.40005248799999993,0.0800013122,0.8000065609999999,0.5000238164299999,2.6005218598800237
2026-05-18 11:47:04.525260,0.4000157463999999,0.08000039365999999,0.8000019682999999,0.500007144929,2.6005218598800237
2026-05-18 11:47:05.525406,0.4000157463999999,0.08000039365999999,0.8000019682999999,0.500007144929,2.6005218598800237
2026-05-18 11:47:06.526109,0.4000157463999999,0.08000039365999999,0.8000019682999999,0.500007144929,2.6005218598800237
2026-05-18 11:47:07.539313,0.4000157463999999,0.08000039365999999,0.8000019682999999,0.500007144929,2.6005218598800237
2026-05-18 11:47:08.539320,0.4000157463999999,0.08000039365999999,0.8000019682999999,0.500007144929,2.6005218598800237
2026-05-18 11:47:09.539320,0.4000157463999999,0.08000039365999999,0.8000019682999999,0.500007144929,2.6005218598800237
2026-05-18 11:47:10.539320,0.4000157463999999,0.08000039365999999,0.8000019682999999,0.500007144929,2.6005218598800237
2026-05-18 11:47:11.539320,0.4000157463999999,0.08000039365999999,0.8000019682999999,0.500007144929,2.6005218598800237
2026-05-18 11:47:12.554756,0.4000157463999999,0.08000039365999999,0.8000019682999999,0.500007144929,2.6005218598800237
2026-05-18 11:47:13.580101,0.4000157463999999,0.08000039365999999,0.8000019682999999,0.500007144929,2.6005218598800237
2026-05-18 11:47:14.612454,0.40000472391999997,0.08000011809799999,0.8000005904899999,0.5000021434787,2.6005218598800237
2026-05-18 11:47:15.612454,0.40000472391999997,0.08000011809799999,0.8000005904899999,0.5000021434787,2.6005218598800237
2026-05-18 11:47:16.612454,0.40000472391999997,0.08000011809799999,0.8000005904899999,0.5000021434787,2.6005218598800237
2026-05-18 11:47:17.613868,0.40000472391999997,0.08000011809799999,0.8000005904899999,0.5000021434787,2.6005218598800237
2026-05-18 11:47:18.613868,0.40000472391999997,0.08000011809799999,0.8000005904899999,0.5000021434787,2.6005218598800237
2026-05-18 11:47:19.624473,0.40000472391999997,0.08000011809799999,0.8000005904899999,0.5000021434787,2.6005218598800237
2026-05-18 11:47:20.625776,0.40000472391999997,0.08000011809799999,0.8000005904899999,0.5000021434787,2.6005218598800237
2026-05-18 11:47:21.625776,0.40000472391999997,0.08000011809799999,0.8000005904899999,0.5000021434787,2.6005218598800237
2026-05-18 11:47:22.625776,0.40000472391999997,0.08000011809799999,0.8000005904899999,0.5000021434787,2.6005218598800237
2026-05-18 11:47:23.625776,0.40000472391999997,0.08000011809799999,0.8000005904899999,0.5000021434787,2.6005218598800237
2026-05-18 11:47:24.660038,0.40000141717599996,0.08000003542939998,0.8000001771469999,0.5000006430436099,2.6005218598800237
2026-05-18 11:47:25.660038,0.40000141717599996,0.08000003542939998,0.8000001771469999,0.5000006430436099,2.6005218598800237
2026-05-18 11:47:26.661449,0.40000141717599996,0.08000003542939998,0.8000001771469999,0.5000006430436099,2.6005218598800237
2026-05-18 11:47:27.667003,0.40000141717599996,0.08000003542939998,0.8000001771469999,0.5000006430436099,2.6005218598800237
2026-05-18 11:47:28.667003,0.40000141717599996,0.08000003542939998,0.8000001771469999,0.5000006430436099,2.6005218598800237
2026-05-18 11:47:29.667003,0.40000141717599996,0.08000003542939998,0.8000001771469999,0.5000006430436099,2.6005218598800237
2026-05-18 11:47:30.667053,0.40000141717599996,0.08000003542939998,0.8000001771469999,0.5000006430436099,2.6005218598800237
2026-05-18 11:47:31.667053,0.40000141717599996,0.08000003542939998,0.8000001771469999,0.5000006430436099,2.6005218598800237
2026-05-18 11:47:32.667053,0.40000141717599996,0.08000003542939998,0.8000001771469999,0.5000006430436099,2.6005218598800237
2026-05-18 11:47:33.667053,0.40000141717599996,0.08000003542939998,0.8000001771469999,0.5000006430436099,2.6005218598800237
2026-05-18 11:47:34.667063,0.4000004251528,0.08000001062881999,0.8000000531440998,0.500000192913083,2.6005218598800237
2026-05-18 11:47:35.671796,0.4000004251528,0.08000001062881999,0.8000000531440998,0.500000192913083,2.6005218598800237
2026-05-18 11:47:36.671796,0.4000004251528,0.08000001062881999,0.8000000531440998,0.500000192913083,2.6005218598800237
2026-05-18 11:47:37.671805,0.4000004251528,0.08000001062881999,0.8000000531440998,0.500000192913083,2.6005218598800237
2026-05-18 11:47:38.686908,0.4000004251528,0.08000001062881999,0.8000000531440998,0.500000192913083,2.6005218598800237
2026-05-18 11:47:39.686908,0.4000004251528,0.08000001062881999,0.8000000531440998,0.500000192913083,2.6005218598800237
2026-05-18 11:47:40.686908,0.4000004251528,0.08000001062881999,0.8000000531440998,0.500000192913083,2.6005218598800237
2026-05-18 11:47:41.686908,0.4000004251528,0.08000001062881999,0.8000000531440998,0.500000192913083,2.6005218598800237
2026-05-18 11:47:42.694928,0.4000004251528,0.08000001062881999,0.8000000531440998,0.500000192913083,2.6005218598800237
2026-05-18 11:47:43.694933,0.4000004251528,0.08000001062881999,0.8000000531440998,0.500000192913083,2.6005218598800237
2026-05-18 11:47:44.694937,0.40000012754583997,0.08000000318864599,0.8000000159432299,0.5000000578739249,2.6005218598800237
2026-05-18 11:47:45.694939,0.40000012754583997,0.08000000318864599,0.8000000159432299,0.5000000578739249,2.6005218598800237
2026-05-18 11:47:46.694984,0.40000012754583997,0.08000000318864599,0.8000000159432299,0.5000000578739249,2.6005218598800237
2026-05-18 11:47:47.694984,0.40000012754583997,0.08000000318864599,0.8000000159432299,0.5000000578739249,2.6005218598800237
2026-05-18 11:47:48.695414,0.40000012754583997,0.08000000318864599,0.8000000159432299,0.5000000578739249,2.6005218598800237
2026-05-18 11:47:49.705108,0.40000012754583997,0.08000000318864599,0.8000000159432299,0.5000000578739249,2.6005218598800237
2026-05-18 11:47:50.705108,0.40000012754583997,0.08000000318864599,0.8000000159432299,0.5000000578739249,2.6005218598800237
2026-05-18 11:47:51.705108,0.40000012754583997,0.08000000318864599,0.8000000159432299,0.5000000578739249,2.6005218598800237
2026-05-18 11:47:52.705108,0.40000012754583997,0.08000000318864599,0.8000000159432299,0.5000000578739249,2.6005218598800237
2026-05-18 11:47:53.705108,0.40000012754583997,0.08000000318864599,0.8000000159432299,0.5000000578739249,2.6005218598800237
2026-05-18 11:47:54.705110,0.40000012754583997,0.08000000318864599,0.8000000159432299,0.5000000578739249,2.6005218598800237
2026-05-18 11:47:55.705110,0.40000003826375197,0.08000000095659379,0.800000004782969,0.5000000173621775,2.6005218598800237
2026-05-18 11:47:56.705110,0.40000003826375197,0.08000000095659379,0.800000004782969,0.5000000173621775,2.6005218598800237
2026-05-18 11:47:57.708487,0.40000003826375197,0.08000000095659379,0.800000004782969,0.5000000173621775,2.6005218598800237
2026-05-18 11:47:58.709285,0.40000003826375197,0.08000000095659379,0.800000004782969,0.5000000173621775,2.6005218598800237
2026-05-18 11:47:59.709285,0.40000003826375197,0.08000000095659379,0.800000004782969,0.5000000173621775,2.6005218598800237
2026-05-18 11:48:00.709285,0.40000003826375197,0.08000000095659379,0.800000004782969,0.5000000173621775,2.6005218598800237
2026-05-18 11:48:01.709296,0.40000003826375197,0.08000000095659379,0.800000004782969,0.5000000173621775,2.6005218598800237
2026-05-18 11:48:02.709776,0.40000003826375197,0.08000000095659379,0.800000004782969,0.5000000173621775,2.6005218598800237
2026-05-18 11:48:03.746716,0.40000003826375197,0.08000000095659379,0.800000004782969,0.5000000173621775,2.6005218598800237
2026-05-18 11:48:04.746716,0.40000003826375197,0.08000000095659379,0.800000004782969,0.5000000173621775,2.6005218598800237
2026-05-18 11:48:05.746718,0.40000003826375197,0.08000000095659379,0.800000004782969,0.5000000173621775,2.6005218598800237
2026-05-18 11:48:06.746718,0.40000001147912556,0.08000000028697812,0.8000000014348906,0.5000000052086532,2.6005218598800237
2026-05-18 11:48:07.746718,0.40000001147912556,0.08000000028697812,0.8000000014348906,0.5000000052086532,2.6005218598800237
2026-05-18 11:48:08.746722,0.40000001147912556,0.08000000028697812,0.8000000014348906,0.5000000052086532,2.6005218598800237
2026-05-18 11:48:09.746722,0.40000001147912556,0.08000000028697812,0.8000000014348906,0.5000000052086532,2.6005218598800237
2026-05-18 11:48:10.746722,0.40000001147912556,0.08000000028697812,0.8000000014348906,0.5000000052086532,2.6005218598800237
2026-05-18 11:48:11.746722,0.40000001147912556,0.08000000028697812,0.8000000014348906,0.5000000052086532,2.6005218598800237
2026-05-18 11:48:12.746735,0.40000001147912556,0.08000000028697812,0.8000000014348906,0.5000000052086532,2.6005218598800237
2026-05-18 11:48:13.746735,0.40000001147912556,0.08000000028697812,0.8000000014348906,0.5000000052086532,2.6005218598800237
2026-05-18 11:48:14.746736,0.40000001147912556,0.08000000028697812,0.8000000014348906,0.5000000052086532,2.6005218598800237
2026-05-18 11:48:15.754809,0.40000001147912556,0.08000000028697812,0.8000000014348906,0.5000000052086532,2.6005218598800237
2026-05-18 11:48:16.754809,0.40000001147912556,0.08000000028697812,0.8000000014348906,0.5000000052086532,2.6005218598800237
2026-05-18 11:48:17.754809,0.40000000344373765,0.08000000008609343,0.800000000430467,0.5000000015625959,2.6005218598800237
2026-05-18 11:48:18.754809,0.40000000344373765,0.08000000008609343,0.800000000430467,0.5000000015625959,2.6005218598800237
2026-05-18 11:48:19.757363,0.40000000344373765,0.08000000008609343,0.800000000430467,0.5000000015625959,2.6005218598800237
2026-05-18 11:48:20.757440,0.40000000344373765,0.08000000008609343,0.800000000430467,0.5000000015625959,2.6005218598800237
2026-05-18 11:48:21.757440,0.40000000344373765,0.08000000008609343,0.800000000430467,0.5000000015625959,2.6005218598800237
2026-05-18 11:48:22.757440,0.40000000344373765,0.08000000008609343,0.800000000430467,0.5000000015625959,2.6005218598800237
2026-05-18 11:48:23.757440,0.40000000344373765,0.08000000008609343,0.800000000430467,0.5000000015625959,2.6005218598800237
2026-05-18 11:48:24.757440,0.40000000344373765,0.08000000008609343,0.800000000430467,0.5000000015625959,2.6005218598800237
2026-05-18 11:48:25.757758,0.40000000344373765,0.08000000008609343,0.800000000430467,0.5000000015625959,2.6005218598800237
2026-05-18 11:48:26.757954,0.40000000344373765,0.08000000008609343,0.800000000430467,0.5000000015625959,2.6005218598800237
2026-05-18 11:48:27.757954,0.40000000344373765,0.08000000008609343,0.800000000430467,0.5000000015625959,2.6005218598800237
2026-05-18 11:48:28.757954,0.4000000010331213,0.08000000002582802,0.8000000001291401,0.5000000004687788,2.6005218598800237
2026-05-18 11:48:29.759048,0.4000000010331213,0.08000000002582802,0.8000000001291401,0.5000000004687788,2.6005218598800237
2026-05-18 11:48:30.759048,0.4000000010331213,0.08000000002582802,0.8000000001291401,0.5000000004687788,2.6005218598800237
2026-05-18 11:48:31.759048,0.4000000010331213,0.08000000002582802,0.8000000001291401,0.5000000004687788,2.6005218598800237
2026-05-18 11:48:32.759048,0.4000000010331213,0.08000000002582802,0.8000000001291401,0.5000000004687788,2.6005218598800237
2026-05-18 11:48:33.759048,0.4000000010331213,0.08000000002582802,0.8000000001291401,0.5000000004687788,2.6005218598800237
2026-05-18 11:48:34.765965,0.4000000010331213,0.08000000002582802,0.8000000001291401,0.5000000004687788,2.6005218598800237
2026-05-18 11:48:35.767156,0.4000000010331213,0.08000000002582802,0.8000000001291401,0.5000000004687788,2.6005218598800237
2026-05-18 11:48:36.767156,0.4000000010331213,0.08000000002582802,0.8000000001291401,0.5000000004687788,2.6005218598800237
2026-05-18 11:48:37.767637,0.4000000010331213,0.08000000002582802,0.8000000001291401,0.5000000004687788,2.6005218598800237
2026-05-18 11:48:38.767637,0.4000000010331213,0.08000000002582802,0.8000000001291401,0.5000000004687788,2.6005218598800237
2026-05-18 11:48:39.767637,0.4000000003099363,0.0800000000077484,0.8000000000387419,0.5000000001406336,2.6005218598800237
2026-05-18 11:48:40.767637,0.4000000003099363,0.0800000000077484,0.8000000000387419,0.5000000001406336,2.6005218598800237
2026-05-18 11:48:41.767637,0.4000000003099363,0.0800000000077484,0.8000000000387419,0.5000000001406336,2.6005218598800237
2026-05-18 11:48:42.767795,0.4000000003099363,0.0800000000077484,0.8000000000387419,0.5000000001406336,2.6005218598800237
2026-05-18 11:48:43.770713,0.4000000003099363,0.0800000000077484,0.8000000000387419,0.5000000001406336,2.6005218598800237
2026-05-18 11:48:44.770713,0.4000000003099363,0.0800000000077484,0.8000000000387419,0.5000000001406336,2.6005218598800237
2026-05-18 11:48:45.770713,0.4000000003099363,0.0800000000077484,0.8000000000387419,0.5000000001406336,2.6005218598800237
2026-05-18 11:48:46.770713,0.4000000003099363,0.0800000000077484,0.8000000000387419,0.5000000001406336,2.6005218598800237
2026-05-18 11:48:47.820945,0.4000000003099363,0.0800000000077484,0.8000000000387419,0.5000000001406336,2.6005218598800237
2026-05-18 11:48:48.820945,0.4000000003099363,0.0800000000077484,0.8000000000387419,0.5000000001406336,2.6005218598800237
2026-05-18 11:48:49.828926,0.40000000009298087,0.08000000000232452,0.8000000000116225,0.50000000004219,2.6005218598800237
2026-05-18 11:48:50.828926,0.40000000009298087,0.08000000000232452,0.8000000000116225,0.50000000004219,2.6005218598800237
2026-05-18 11:48:51.828926,0.40000000009298087,0.08000000000232452,0.8000000000116225,0.50000000004219,2.6005218598800237
2026-05-18 11:48:52.828926,0.40000000009298087,0.08000000000232452,0.8000000000116225,0.50000000004219,2.6005218598800237
2026-05-18 11:48:53.828944,0.40000000009298087,0.08000000000232452,0.8000000000116225,0.50000000004219,2.6005218598800237
2026-05-18 11:48:54.829633,0.40000000009298087,0.08000000000232452,0.8000000000116225,0.50000000004219,2.6005218598800237
2026-05-18 11:48:55.829640,0.40000000009298087,0.08000000000232452,0.8000000000116225,0.50000000004219,2.6005218598800237
2026-05-18 11:48:56.829643,0.40000000009298087,0.08000000000232452,0.8000000000116225,0.50000000004219,2.6005218598800237
2026-05-18 11:48:57.829643,0.40000000009298087,0.08000000000232452,0.8000000000116225,0.50000000004219,2.6005218598800237
2026-05-18 11:48:58.829643,0.40000000009298087,0.08000000000232452,0.8000000000116225,0.50000000004219,2.6005218598800237
2026-05-18 11:48:59.829643,0.40000000009298087,0.08000000000232452,0.8000000000116225,0.50000000004219,2.6005218598800237
2026-05-18 11:49:00.829644,0.4000000000278942,0.08000000000069735,0.8000000000034867,0.500000000012657,2.6005218598800237
2026-05-18 11:49:01.829644,0.4000000000278942,0.08000000000069735,0.8000000000034867,0.500000000012657,2.6005218598800237
2026-05-18 11:49:02.829644,0.4000000000278942,0.08000000000069735,0.8000000000034867,0.500000000012657,2.6005218598800237
2026-05-18 11:49:03.833533,0.4000000000278942,0.08000000000069735,0.8000000000034867,0.500000000012657,2.6005218598800237
2026-05-18 11:49:04.834459,0.4000000000278942,0.08000000000069735,0.8000000000034867,0.500000000012657,2.6005218598800237
2026-05-18 11:49:05.838680,0.4000000000278942,0.08000000000069735,0.8000000000034867,0.500000000012657,2.6005218598800237
2026-05-18 11:49:06.838688,0.4000000000278942,0.08000000000069735,0.8000000000034867,0.500000000012657,2.6005218598800237
2026-05-18 11:49:07.838980,0.4000000000278942,0.08000000000069735,0.8000000000034867,0.500000000012657,2.6005218598800237
2026-05-18 11:49:08.838980,0.4000000000278942,0.08000000000069735,0.8000000000034867,0.500000000012657,2.6005218598800237
2026-05-18 11:49:09.838980,0.4000000000278942,0.08000000000069735,0.8000000000034867,0.500000000012657,2.6005218598800237
2026-05-18 11:49:10.838988,0.4000000000083682,0.0800000000002092,0.8000000000010459,0.5000000000037971,2.6005218598800237
2026-05-18 11:49:11.846879,0.4000000000083682,0.0800000000002092,0.8000000000010459,0.5000000000037971,2.6005218598800237
2026-05-18 11:49:12.853303,0.4000000000083682,0.0800000000002092,0.8000000000010459,0.5000000000037971,2.6005218598800237
2026-05-18 11:49:13.853303,0.4000000000083682,0.0800000000002092,0.8000000000010459,0.5000000000037971,2.6005218598800237
2026-05-18 11:49:14.882012,0.4000000000083682,0.0800000000002092,0.8000000000010459,0.5000000000037971,2.6005218598800237
2026-05-18 11:49:15.927042,0.4000000000083682,0.0800000000002092,0.8000000000010459,0.5000000000037971,2.6005218598800237
2026-05-18 11:49:16.927052,0.4000000000083682,0.0800000000002092,0.8000000000010459,0.5000000000037971,2.6005218598800237
2026-05-18 11:49:17.927112,0.4000000000083682,0.0800000000002092,0.8000000000010459,0.5000000000037971,2.6005218598800237
2026-05-18 11:49:18.927118,0.4000000000083682,0.0800000000002092,0.8000000000010459,0.5000000000037971,2.6005218598800237
2026-05-18 11:49:19.946749,0.4000000000083682,0.0800000000002092,0.8000000000010459,0.5000000000037971,2.6005218598800237
2026-05-18 11:49:20.946776,0.40000000000251046,0.08000000000006276,0.8000000000003137,0.5000000000011391,2.6005218598800237
2026-05-18 11:49:21.954416,0.40000000000251046,0.08000000000006276,0.8000000000003137,0.5000000000011391,2.6005218598800237
2026-05-18 11:49:22.954453,0.40000000000251046,0.08000000000006276,0.8000000000003137,0.5000000000011391,2.6005218598800237
2026-05-18 11:49:23.954453,0.40000000000251046,0.08000000000006276,0.8000000000003137,0.5000000000011391,2.6005218598800237
2026-05-18 11:49:24.954453,0.40000000000251046,0.08000000000006276,0.8000000000003137,0.5000000000011391,2.6005218598800237
2026-05-18 11:49:25.954453,0.40000000000251046,0.08000000000006276,0.8000000000003137,0.5000000000011391,2.6005218598800237
2026-05-18 11:49:26.954453,0.40000000000251046,0.08000000000006276,0.8000000000003137,0.5000000000011391,2.6005218598800237
2026-05-18 11:49:27.954456,0.40000000000251046,0.08000000000006276,0.8000000000003137,0.5000000000011391,2.6005218598800237
2026-05-18 11:49:28.954456,0.40000000000251046,0.08000000000006276,0.8000000000003137,0.5000000000011391,2.6005218598800237
2026-05-18 11:49:29.961053,0.40000000000251046,0.08000000000006276,0.8000000000003137,0.5000000000011391,2.6005218598800237
2026-05-18 11:49:30.972291,0.4000000000007531,0.08000000000001882,0.800000000000094,0.5000000000003417,2.6005218598800237
2026-05-18 11:49:31.972291,0.4000000000007531,0.08000000000001882,0.800000000000094,0.5000000000003417,2.6005218598800237
2026-05-18 11:49:32.972291,0.4000000000007531,0.08000000000001882,0.800000000000094,0.5000000000003417,2.6005218598800237
2026-05-18 11:49:33.972291,0.4000000000007531,0.08000000000001882,0.800000000000094,0.5000000000003417,2.6005218598800237
2026-05-18 11:52:27.092776,1.2,0.1,0.9,0.863,10000
2026-05-18 11:52:28.100246,1.2,0.1,0.9,0.863,10000
2026-05-18 11:52:29.100246,1.2,0.1,0.9,0.863,10000
2026-05-18 11:52:30.102878,1.2,0.1,0.9,0.863,10000
2026-05-18 11:52:31.102878,1.2,0.1,0.9,0.863,10000
2026-05-18 11:52:32.103415,1.2,0.1,0.9,0.863,10000
2026-05-18 11:52:33.103415,1.2,0.1,0.9,0.863,10000
2026-05-18 11:52:34.103415,1.2,0.1,0.9,0.863,10000
2026-05-18 11:52:35.103796,1.2,0.1,0.9,0.863,10000
2026-05-18 11:52:36.103796,0.6399999999999999,0.086,0.83,0.6089,2.6005218598800237
2026-05-18 11:52:37.112277,0.6399999999999999,0.086,0.83,0.6089,2.6005218598800237
2026-05-18 11:52:38.125432,0.6399999999999999,0.086,0.83,0.6089,2.6005218598800237
2026-05-18 11:52:39.125432,0.6399999999999999,0.086,0.83,0.6089,2.6005218598800237
2026-05-18 11:52:40.125432,0.6399999999999999,0.086,0.83,0.6089,2.6005218598800237
2026-05-18 11:52:41.125432,0.6399999999999999,0.086,0.83,0.6089,2.6005218598800237
2026-05-18 11:55:17.663220,1.2,0.1,0.9,0.863,10000
2026-05-18 11:55:18.663220,1.2,0.1,0.9,0.863,10000
2026-05-18 11:55:19.663220,1.2,0.1,0.9,0.863,10000
2026-05-18 11:55:20.663220,1.2,0.1,0.9,0.863,10000
2026-05-18 11:55:21.663224,1.2,0.1,0.9,0.863,10000
2026-05-18 11:55:22.663224,1.2,0.1,0.9,0.863,10000
2026-05-18 11:55:23.663224,1.2,0.1,0.9,0.863,10000
2026-05-18 11:55:24.665630,1.2,0.1,0.9,0.863,10000
2026-05-18 11:55:25.667587,1.2,0.1,0.9,0.863,10000
2026-05-18 11:55:26.667587,0.6399999999999999,0.086,0.83,0.6089,2.6005218598800237
2026-05-18 11:55:27.670503,0.6399999999999999,0.086,0.83,0.6089,2.6005218598800237
2026-05-18 11:55:28.675564,0.6399999999999999,0.086,0.83,0.6089,2.6005218598800237
2026-05-18 11:55:29.675565,0.6399999999999999,0.086,0.83,0.6089,2.6005218598800237
2026-05-18 11:55:30.675565,0.6399999999999999,0.086,0.83,0.6089,2.6005218598800237
2026-05-18 11:55:31.675565,0.6399999999999999,0.086,0.83,0.6089,2.6005218598800237
2026-05-18 11:55:32.675566,0.6399999999999999,0.086,0.83,0.6089,2.6005218598800237
2026-05-18 11:55:33.675566,0.6399999999999999,0.086,0.83,0.6089,2.6005218598800237
2026-05-18 11:55:34.675566,0.6399999999999999,0.086,0.83,0.6089,2.6005218598800237
2026-05-18 11:55:35.675570,0.6399999999999999,0.086,0.83,0.6089,2.6005218598800237
2026-05-18 11:55:36.675570,0.472,0.08179999999999998,0.8089999999999999,0.53267,2.725320346976042
2026-05-18 11:55:37.675584,0.472,0.08179999999999998,0.8089999999999999,0.53267,2.725320346976042
2026-05-18 11:55:38.675592,0.472,0.08179999999999998,0.8089999999999999,0.53267,2.725320346976042
2026-05-18 11:55:39.675592,0.472,0.08179999999999998,0.8089999999999999,0.53267,2.725320346976042
2026-05-18 11:55:40.675592,0.472,0.08179999999999998,0.8089999999999999,0.53267,2.725320346976042
2026-05-18 11:55:41.675592,0.472,0.08179999999999998,0.8089999999999999,0.53267,2.725320346976042
2026-05-18 11:55:42.675753,0.472,0.08179999999999998,0.8089999999999999,0.53267,2.725320346976042
2026-05-18 11:55:43.683216,0.472,0.08179999999999998,0.8089999999999999,0.53267,2.725320346976042
2026-05-18 11:55:44.683216,0.472,0.08179999999999998,0.8089999999999999,0.53267,2.725320346976042
2026-05-18 11:55:45.683216,0.472,0.08179999999999998,0.8089999999999999,0.53267,2.725320346976042
2026-05-18 11:55:46.683543,0.472,0.08179999999999998,0.8089999999999999,0.53267,2.725320346976042
2026-05-18 11:55:47.699038,0.4216,0.08053999999999999,0.8027,0.509801,2.6149557199167575
2026-05-18 11:55:48.699038,0.4216,0.08053999999999999,0.8027,0.509801,2.6149557199167575
2026-05-18 11:55:49.700518,0.4216,0.08053999999999999,0.8027,0.509801,2.6149557199167575
2026-05-18 11:55:50.700520,0.4216,0.08053999999999999,0.8027,0.509801,2.6149557199167575
2026-05-18 11:55:51.700537,0.4216,0.08053999999999999,0.8027,0.509801,2.6149557199167575
2026-05-18 11:55:52.700552,0.4216,0.08053999999999999,0.8027,0.509801,2.6149557199167575
2026-05-18 11:55:53.700630,0.4216,0.08053999999999999,0.8027,0.509801,2.6149557199167575
2026-05-18 11:55:54.703320,0.4216,0.08053999999999999,0.8027,0.509801,2.6149557199167575
2026-05-18 11:55:55.703320,0.4216,0.08053999999999999,0.8027,0.509801,2.6149557199167575
2026-05-18 11:55:56.703320,0.4216,0.08053999999999999,0.8027,0.509801,2.6149557199167575
2026-05-18 11:55:57.703322,0.4216,0.08053999999999999,0.8027,0.509801,2.6149557199167575
2026-05-18 11:55:58.703322,0.40647999999999995,0.08016199999999998,0.8008099999999999,0.5029402999999999,2.6071182159189203
2026-05-18 11:55:59.703322,0.40647999999999995,0.08016199999999998,0.8008099999999999,0.5029402999999999,2.6071182159189203
2026-05-18 11:56:00.703322,0.40647999999999995,0.08016199999999998,0.8008099999999999,0.5029402999999999,2.6071182159189203
2026-05-18 11:56:01.703322,0.40647999999999995,0.08016199999999998,0.8008099999999999,0.5029402999999999,2.6071182159189203
2026-05-18 11:56:02.703322,0.40647999999999995,0.08016199999999998,0.8008099999999999,0.5029402999999999,2.6071182159189203
2026-05-18 11:56:03.703454,0.40647999999999995,0.08016199999999998,0.8008099999999999,0.5029402999999999,2.6071182159189203
2026-05-18 11:56:04.703454,0.40647999999999995,0.08016199999999998,0.8008099999999999,0.5029402999999999,2.6071182159189203
2026-05-18 11:56:05.703454,0.40647999999999995,0.08016199999999998,0.8008099999999999,0.5029402999999999,2.6071182159189203
2026-05-18 11:56:06.703454,0.40647999999999995,0.08016199999999998,0.8008099999999999,0.5029402999999999,2.6071182159189203
2026-05-18 11:56:07.703504,0.40647999999999995,0.08016199999999998,0.8008099999999999,0.5029402999999999,2.6071182159189203
2026-05-18 11:56:08.703504,0.40194399999999997,0.08004859999999998,0.8002429999999999,0.50088209,2.6071182159189203
2026-05-18 11:56:09.713126,0.40194399999999997,0.08004859999999998,0.8002429999999999,0.50088209,2.6071182159189203
2026-05-18 11:56:10.713126,0.40194399999999997,0.08004859999999998,0.8002429999999999,0.50088209,2.6071182159189203
2026-05-18 11:56:11.713126,0.40194399999999997,0.08004859999999998,0.8002429999999999,0.50088209,2.6071182159189203
2026-05-18 11:56:12.713126,0.40194399999999997,0.08004859999999998,0.8002429999999999,0.50088209,2.6071182159189203
2026-05-18 11:56:13.726537,0.40194399999999997,0.08004859999999998,0.8002429999999999,0.50088209,2.6071182159189203
2026-05-18 11:56:14.727227,0.40194399999999997,0.08004859999999998,0.8002429999999999,0.50088209,2.6071182159189203
2026-05-18 11:56:15.727619,0.40194399999999997,0.08004859999999998,0.8002429999999999,0.50088209,2.6071182159189203
2026-05-18 11:56:16.727619,0.40194399999999997,0.08004859999999998,0.8002429999999999,0.50088209,2.6071182159189203
2026-05-18 11:56:17.746047,0.40194399999999997,0.08004859999999998,0.8002429999999999,0.50088209,2.6071182159189203
2026-05-18 11:56:18.746052,0.4005832,0.08001457999999999,0.8000729,0.500264627,2.6071182159189203
2026-05-18 11:56:19.746055,0.4005832,0.08001457999999999,0.8000729,0.500264627,2.6071182159189203
2026-05-18 11:56:20.759248,0.4005832,0.08001457999999999,0.8000729,0.500264627,2.6071182159189203
2026-05-18 11:56:21.759252,0.4005832,0.08001457999999999,0.8000729,0.500264627,2.6071182159189203
2026-05-18 11:56:22.759629,0.4005832,0.08001457999999999,0.8000729,0.500264627,2.6071182159189203
2026-05-18 11:56:23.759644,0.4005832,0.08001457999999999,0.8000729,0.500264627,2.6071182159189203
2026-05-18 11:56:24.761208,0.4005832,0.08001457999999999,0.8000729,0.500264627,2.6071182159189203
2026-05-18 11:56:25.771222,0.4005832,0.08001457999999999,0.8000729,0.500264627,2.6071182159189203
2026-05-18 11:56:26.771222,0.4005832,0.08001457999999999,0.8000729,0.500264627,2.6071182159189203
2026-05-18 11:56:27.775460,0.4005832,0.08001457999999999,0.8000729,0.500264627,2.6071182159189203
2026-05-18 11:56:28.775460,0.40017495999999997,0.08000437399999999,0.8000218699999999,0.5000793881,2.6071182159189203
2026-05-18 11:56:29.775460,0.40017495999999997,0.08000437399999999,0.8000218699999999,0.5000793881,2.6071182159189203
2026-05-18 11:56:30.775886,0.40017495999999997,0.08000437399999999,0.8000218699999999,0.5000793881,2.6071182159189203
2026-05-18 11:56:31.775886,0.40017495999999997,0.08000437399999999,0.8000218699999999,0.5000793881,2.6071182159189203
2026-05-18 11:56:32.775886,0.40017495999999997,0.08000437399999999,0.8000218699999999,0.5000793881,2.6071182159189203
2026-05-18 11:56:33.782771,0.40017495999999997,0.08000437399999999,0.8000218699999999,0.5000793881,2.6071182159189203
2026-05-18 11:56:34.782883,0.40017495999999997,0.08000437399999999,0.8000218699999999,0.5000793881,2.6071182159189203
2026-05-18 11:56:35.782883,0.40017495999999997,0.08000437399999999,0.8000218699999999,0.5000793881,2.6071182159189203
2026-05-18 11:56:36.782883,0.40017495999999997,0.08000437399999999,0.8000218699999999,0.5000793881,2.6071182159189203
2026-05-18 11:56:37.782883,0.40017495999999997,0.08000437399999999,0.8000218699999999,0.5000793881,2.6071182159189203
2026-05-18 11:56:38.782883,0.40005248799999993,0.0800013122,0.8000065609999999,0.5000238164299999,2.6071182159189203
2026-05-18 11:56:39.791574,0.40005248799999993,0.0800013122,0.8000065609999999,0.5000238164299999,2.6071182159189203
2026-05-18 11:56:40.791574,0.40005248799999993,0.0800013122,0.8000065609999999,0.5000238164299999,2.6071182159189203
2026-05-18 11:56:41.791574,0.40005248799999993,0.0800013122,0.8000065609999999,0.5000238164299999,2.6071182159189203
2026-05-18 11:56:42.791574,0.40005248799999993,0.0800013122,0.8000065609999999,0.5000238164299999,2.6071182159189203
2026-05-18 11:56:43.791574,0.40005248799999993,0.0800013122,0.8000065609999999,0.5000238164299999,2.6071182159189203
2026-05-18 11:56:44.791574,0.40005248799999993,0.0800013122,0.8000065609999999,0.5000238164299999,2.6071182159189203
2026-05-18 11:56:45.792518,0.40005248799999993,0.0800013122,0.8000065609999999,0.5000238164299999,2.6071182159189203
2026-05-18 11:56:46.792518,0.40005248799999993,0.0800013122,0.8000065609999999,0.5000238164299999,2.6071182159189203
2026-05-18 11:56:47.792672,0.40005248799999993,0.0800013122,0.8000065609999999,0.5000238164299999,2.6071182159189203
2026-05-18 11:56:48.792672,0.4000157463999999,0.08000039365999999,0.8000019682999999,0.500007144929,3.0918700487288264
2026-05-18 11:56:49.792672,0.4000157463999999,0.08000039365999999,0.8000019682999999,0.500007144929,3.0918700487288264
2026-05-18 11:56:50.792672,0.4000157463999999,0.08000039365999999,0.8000019682999999,0.500007144929,3.0918700487288264
2026-05-18 11:56:51.792922,0.4000157463999999,0.08000039365999999,0.8000019682999999,0.500007144929,3.0918700487288264
2026-05-18 11:56:52.792922,0.4000157463999999,0.08000039365999999,0.8000019682999999,0.500007144929,3.0918700487288264
2026-05-18 11:56:53.799762,0.4000157463999999,0.08000039365999999,0.8000019682999999,0.500007144929,3.0918700487288264
2026-05-18 11:56:54.800111,0.4000157463999999,0.08000039365999999,0.8000019682999999,0.500007144929,3.0918700487288264
2026-05-18 11:56:55.800111,0.4000157463999999,0.08000039365999999,0.8000019682999999,0.500007144929,3.0918700487288264
2026-05-18 11:56:56.800111,0.4000157463999999,0.08000039365999999,0.8000019682999999,0.500007144929,3.0918700487288264
2026-05-18 11:56:57.800111,0.4000157463999999,0.08000039365999999,0.8000019682999999,0.500007144929,3.0918700487288264
2026-05-18 11:56:58.808506,0.40000472391999997,0.08000011809799999,0.8000005904899999,0.5000021434787,3.279935353372373
2026-05-18 11:56:59.808906,0.40000472391999997,0.08000011809799999,0.8000005904899999,0.5000021434787,3.279935353372373
2026-05-18 11:57:00.815529,0.40000472391999997,0.08000011809799999,0.8000005904899999,0.5000021434787,3.279935353372373
2026-05-18 11:57:01.815529,0.40000472391999997,0.08000011809799999,0.8000005904899999,0.5000021434787,3.279935353372373
2026-05-18 11:57:02.815858,0.40000472391999997,0.08000011809799999,0.8000005904899999,0.5000021434787,3.279935353372373
2026-05-18 11:57:03.815858,0.40000472391999997,0.08000011809799999,0.8000005904899999,0.5000021434787,3.279935353372373
2026-05-18 11:57:04.815858,0.40000472391999997,0.08000011809799999,0.8000005904899999,0.5000021434787,3.279935353372373
2026-05-18 11:57:05.815858,0.40000472391999997,0.08000011809799999,0.8000005904899999,0.5000021434787,3.279935353372373
2026-05-18 11:57:06.815858,0.40000472391999997,0.08000011809799999,0.8000005904899999,0.5000021434787,3.279935353372373
2026-05-18 11:57:07.815858,0.40000472391999997,0.08000011809799999,0.8000005904899999,0.5000021434787,3.279935353372373
2026-05-18 11:57:08.815858,0.40000472391999997,0.08000011809799999,0.8000005904899999,0.5000021434787,3.279935353372373
2026-05-18 11:57:09.815858,0.40000141717599996,0.08000003542939998,0.8000001771469999,0.5000006430436099,3.252783043004879
2026-05-18 11:57:10.815858,0.40000141717599996,0.08000003542939998,0.8000001771469999,0.5000006430436099,3.252783043004879
2026-05-18 11:57:11.816385,0.40000141717599996,0.08000003542939998,0.8000001771469999,0.5000006430436099,3.252783043004879
2026-05-18 11:57:12.818202,0.40000141717599996,0.08000003542939998,0.8000001771469999,0.5000006430436099,3.252783043004879
2026-05-18 11:57:13.818613,0.40000141717599996,0.08000003542939998,0.8000001771469999,0.5000006430436099,3.252783043004879
2026-05-18 11:57:14.818623,0.40000141717599996,0.08000003542939998,0.8000001771469999,0.5000006430436099,3.252783043004879
2026-05-18 11:57:15.818623,0.40000141717599996,0.08000003542939998,0.8000001771469999,0.5000006430436099,3.252783043004879
2026-05-18 11:57:16.818623,0.40000141717599996,0.08000003542939998,0.8000001771469999,0.5000006430436099,3.252783043004879
2026-05-18 11:57:17.820321,0.40000141717599996,0.08000003542939998,0.8000001771469999,0.5000006430436099,3.252783043004879
2026-05-18 11:57:18.825164,0.40000141717599996,0.08000003542939998,0.8000001771469999,0.5000006430436099,3.252783043004879
2026-05-18 11:57:19.825164,0.40000141717599996,0.08000003542939998,0.8000001771469999,0.5000006430436099,3.252783043004879
2026-05-18 11:57:20.825164,0.4000004251528,0.08000001062881999,0.8000000531440998,0.500000192913083,3.252783043004879
2026-05-18 11:57:21.825175,0.4000004251528,0.08000001062881999,0.8000000531440998,0.500000192913083,3.252783043004879
2026-05-18 11:57:22.825175,0.4000004251528,0.08000001062881999,0.8000000531440998,0.500000192913083,3.252783043004879
2026-05-18 11:57:23.825222,0.4000004251528,0.08000001062881999,0.8000000531440998,0.500000192913083,3.252783043004879
2026-05-18 11:57:24.825233,0.4000004251528,0.08000001062881999,0.8000000531440998,0.500000192913083,3.252783043004879
2026-05-18 11:57:25.827966,0.4000004251528,0.08000001062881999,0.8000000531440998,0.500000192913083,3.252783043004879
2026-05-18 11:57:26.827992,0.4000004251528,0.08000001062881999,0.8000000531440998,0.500000192913083,3.252783043004879
2026-05-18 11:57:27.828290,0.4000004251528,0.08000001062881999,0.8000000531440998,0.500000192913083,3.252783043004879
2026-05-18 11:57:28.828290,0.4000004251528,0.08000001062881999,0.8000000531440998,0.500000192913083,3.252783043004879
2026-05-18 11:57:29.828290,0.4000004251528,0.08000001062881999,0.8000000531440998,0.500000192913083,3.252783043004879
2026-05-18 11:57:30.830985,0.4000004251528,0.08000001062881999,0.8000000531440998,0.500000192913083,3.252783043004879
2026-05-18 11:57:31.830985,0.40000012754583997,0.08000000318864599,0.8000000159432299,0.5000000578739249,3.252783043004879
2026-05-18 11:57:32.830987,0.40000012754583997,0.08000000318864599,0.8000000159432299,0.5000000578739249,3.252783043004879
2026-05-18 11:57:33.830987,0.40000012754583997,0.08000000318864599,0.8000000159432299,0.5000000578739249,3.252783043004879
2026-05-18 11:57:34.835426,0.40000012754583997,0.08000000318864599,0.8000000159432299,0.5000000578739249,3.252783043004879
2026-05-18 11:57:35.840751,0.40000012754583997,0.08000000318864599,0.8000000159432299,0.5000000578739249,3.252783043004879
2026-05-18 11:57:36.840752,0.40000012754583997,0.08000000318864599,0.8000000159432299,0.5000000578739249,3.252783043004879
2026-05-18 11:57:37.840757,0.40000012754583997,0.08000000318864599,0.8000000159432299,0.5000000578739249,3.252783043004879
2026-05-18 11:57:38.840758,0.40000012754583997,0.08000000318864599,0.8000000159432299,0.5000000578739249,3.252783043004879
2026-05-18 11:57:39.840852,0.40000012754583997,0.08000000318864599,0.8000000159432299,0.5000000578739249,3.252783043004879
2026-05-18 11:57:40.840852,0.40000012754583997,0.08000000318864599,0.8000000159432299,0.5000000578739249,3.252783043004879
2026-05-18 11:57:41.883625,0.40000003826375197,0.08000000095659379,0.800000004782969,0.5000000173621775,3.252783043004879
2026-05-18 11:57:42.909072,0.40000003826375197,0.08000000095659379,0.800000004782969,0.5000000173621775,3.252783043004879
2026-05-18 11:57:43.925114,0.40000003826375197,0.08000000095659379,0.800000004782969,0.5000000173621775,3.252783043004879
2026-05-18 11:57:44.925114,0.40000003826375197,0.08000000095659379,0.800000004782969,0.5000000173621775,3.252783043004879
2026-05-18 11:57:45.925114,0.40000003826375197,0.08000000095659379,0.800000004782969,0.5000000173621775,3.252783043004879
2026-05-18 11:57:46.925114,0.40000003826375197,0.08000000095659379,0.800000004782969,0.5000000173621775,3.252783043004879
2026-05-18 11:57:47.925114,0.40000003826375197,0.08000000095659379,0.800000004782969,0.5000000173621775,3.252783043004879
2026-05-18 11:57:48.925114,0.40000003826375197,0.08000000095659379,0.800000004782969,0.5000000173621775,3.252783043004879
2026-05-18 11:57:49.925115,0.40000003826375197,0.08000000095659379,0.800000004782969,0.5000000173621775,3.252783043004879
2026-05-18 11:57:50.925115,0.40000003826375197,0.08000000095659379,0.800000004782969,0.5000000173621775,3.252783043004879
2026-05-18 11:57:51.925194,0.40000001147912556,0.08000000028697812,0.8000000014348906,0.5000000052086532,3.252783043004879
2026-05-18 11:57:52.925196,0.40000001147912556,0.08000000028697812,0.8000000014348906,0.5000000052086532,3.252783043004879
2026-05-18 11:57:53.925543,0.40000001147912556,0.08000000028697812,0.8000000014348906,0.5000000052086532,3.252783043004879
2026-05-18 11:57:54.925543,0.40000001147912556,0.08000000028697812,0.8000000014348906,0.5000000052086532,3.252783043004879
2026-05-18 11:57:55.925554,0.40000001147912556,0.08000000028697812,0.8000000014348906,0.5000000052086532,3.252783043004879
2026-05-18 11:57:56.925554,0.40000001147912556,0.08000000028697812,0.8000000014348906,0.5000000052086532,3.252783043004879
2026-05-18 11:57:57.925554,0.40000001147912556,0.08000000028697812,0.8000000014348906,0.5000000052086532,3.252783043004879
2026-05-18 11:57:58.927647,0.40000001147912556,0.08000000028697812,0.8000000014348906,0.5000000052086532,3.252783043004879
2026-05-18 11:57:59.927691,0.40000001147912556,0.08000000028697812,0.8000000014348906,0.5000000052086532,3.252783043004879
2026-05-18 11:58:00.927691,0.40000001147912556,0.08000000028697812,0.8000000014348906,0.5000000052086532,3.252783043004879
2026-05-18 11:58:01.927696,0.40000001147912556,0.08000000028697812,0.8000000014348906,0.5000000052086532,3.252783043004879
2026-05-18 11:58:02.927696,0.40000000344373765,0.08000000008609343,0.800000000430467,0.5000000015625959,3.252783043004879
2026-05-18 11:58:03.928605,0.40000000344373765,0.08000000008609343,0.800000000430467,0.5000000015625959,3.252783043004879
2026-05-18 11:58:04.929732,0.40000000344373765,0.08000000008609343,0.800000000430467,0.5000000015625959,3.252783043004879
2026-05-18 11:58:05.929732,0.40000000344373765,0.08000000008609343,0.800000000430467,0.5000000015625959,3.252783043004879
2026-05-18 11:58:06.929732,0.40000000344373765,0.08000000008609343,0.800000000430467,0.5000000015625959,3.252783043004879
2026-05-18 11:58:07.929789,0.40000000344373765,0.08000000008609343,0.800000000430467,0.5000000015625959,3.252783043004879
2026-05-18 11:58:08.931415,0.40000000344373765,0.08000000008609343,0.800000000430467,0.5000000015625959,3.252783043004879
2026-05-18 11:58:09.931415,0.40000000344373765,0.08000000008609343,0.800000000430467,0.5000000015625959,3.252783043004879
2026-05-18 11:58:10.931415,0.40000000344373765,0.08000000008609343,0.800000000430467,0.5000000015625959,3.252783043004879
2026-05-18 11:58:11.931415,0.40000000344373765,0.08000000008609343,0.800000000430467,0.5000000015625959,3.252783043004879
2026-05-18 11:58:12.931415,0.40000000344373765,0.08000000008609343,0.800000000430467,0.5000000015625959,3.252783043004879
2026-05-18 11:58:13.931415,0.4000000010331213,0.08000000002582802,0.8000000001291401,0.5000000004687788,3.252783043004879
2026-05-18 12:02:37.932195,0.4000000003099363,0.0800000000077484,0.8000000000387419,0.5000000001406336,3.252783043004879
2026-05-18 12:02:38.932843,0.4000000003099363,0.0800000000077484,0.8000000000387419,0.5000000001406336,3.252783043004879
2026-05-18 12:02:39.932843,0.4000000003099363,0.0800000000077484,0.8000000000387419,0.5000000001406336,3.252783043004879
2026-05-18 12:02:40.933222,0.4000000003099363,0.0800000000077484,0.8000000000387419,0.5000000001406336,3.252783043004879
2026-05-18 12:02:41.933383,0.4000000003099363,0.0800000000077484,0.8000000000387419,0.5000000001406336,3.252783043004879
2026-05-18 12:02:42.933383,0.4000000003099363,0.0800000000077484,0.8000000000387419,0.5000000001406336,3.252783043004879
2026-05-18 12:02:44.953400,0.4000000003099363,0.0800000000077484,0.8000000000387419,0.5000000001406336,3.252783043004879
2026-05-18 12:02:45.953400,0.4000000003099363,0.0800000000077484,0.8000000000387419,0.5000000001406336,3.252783043004879
2026-05-18 12:02:46.959162,0.4000000003099363,0.0800000000077484,0.8000000000387419,0.5000000001406336,3.252783043004879
2026-05-18 12:02:47.964517,0.40000000009298087,0.08000000000232452,0.8000000000116225,0.50000000004219,3.334120709484824
2026-05-18 12:02:48.964517,0.40000000009298087,0.08000000000232452,0.8000000000116225,0.50000000004219,3.334120709484824
2026-05-18 12:02:49.964517,0.40000000009298087,0.08000000000232452,0.8000000000116225,0.50000000004219,3.334120709484824
2026-05-18 12:02:50.966060,0.40000000009298087,0.08000000000232452,0.8000000000116225,0.50000000004219,3.334120709484824
2026-05-18 12:02:51.976451,0.40000000009298087,0.08000000000232452,0.8000000000116225,0.50000000004219,3.334120709484824
2026-05-18 12:02:52.976451,0.40000000009298087,0.08000000000232452,0.8000000000116225,0.50000000004219,3.334120709484824
2026-05-18 12:02:53.988204,0.40000000009298087,0.08000000000232452,0.8000000000116225,0.50000000004219,3.334120709484824
2026-05-18 12:02:54.994479,0.40000000009298087,0.08000000000232452,0.8000000000116225,0.50000000004219,3.334120709484824
2026-05-18 12:02:55.994599,0.40000000009298087,0.08000000000232452,0.8000000000116225,0.50000000004219,3.334120709484824
2026-05-18 12:02:57.004003,0.40000000009298087,0.08000000000232452,0.8000000000116225,0.50000000004219,3.334120709484824
2026-05-18 12:02:58.004003,0.4000000000278942,0.08000000000069735,0.8000000000034867,0.500000000012657,3.2448694670867426
2026-05-18 12:02:59.004158,0.4000000000278942,0.08000000000069735,0.8000000000034867,0.500000000012657,3.2448694670867426
2026-05-18 12:03:00.004837,0.4000000000278942,0.08000000000069735,0.8000000000034867,0.500000000012657,3.2448694670867426
2026-05-18 12:03:01.004837,0.4000000000278942,0.08000000000069735,0.8000000000034867,0.500000000012657,3.2448694670867426
2026-05-18 12:03:02.026785,0.4000000000278942,0.08000000000069735,0.8000000000034867,0.500000000012657,3.2448694670867426
2026-05-18 12:03:03.042550,0.4000000000278942,0.08000000000069735,0.8000000000034867,0.500000000012657,3.2448694670867426
2026-05-18 12:03:04.042550,0.4000000000278942,0.08000000000069735,0.8000000000034867,0.500000000012657,3.2448694670867426
2026-05-18 12:03:05.042611,0.4000000000278942,0.08000000000069735,0.8000000000034867,0.500000000012657,3.2448694670867426
2026-05-18 12:03:06.042611,0.4000000000278942,0.08000000000069735,0.8000000000034867,0.500000000012657,3.2448694670867426
2026-05-18 12:03:07.042611,0.4000000000278942,0.08000000000069735,0.8000000000034867,0.500000000012657,3.2448694670867426
2026-05-18 12:03:08.045046,0.4000000000278942,0.08000000000069735,0.8000000000034867,0.500000000012657,3.2448694670867426
2026-05-18 12:03:09.048437,0.4000000000083682,0.0800000000002092,0.8000000000010459,0.5000000000037971,3.233557150064401
2026-05-18 12:03:10.048437,0.4000000000083682,0.0800000000002092,0.8000000000010459,0.5000000000037971,3.233557150064401
2026-05-18 12:03:11.048437,0.4000000000083682,0.0800000000002092,0.8000000000010459,0.5000000000037971,3.233557150064401
2026-05-18 12:03:12.056488,0.4000000000083682,0.0800000000002092,0.8000000000010459,0.5000000000037971,3.233557150064401
2026-05-18 12:03:13.056488,0.4000000000083682,0.0800000000002092,0.8000000000010459,0.5000000000037971,3.233557150064401
