timestamp,pos_ego,spd_ego,warning_0,warning_1,warning_2,warning_3,warning_4,predicted_tl_state,computed_warning
2026-03-19 15:10:37.868910,1000.0,19.38,0.0,0.0,0.0,0.0,0.0,"[[1.]
 [1.]
 [1.]
 [1.]
 [1.]
 [1.]
 [1.]
 [1.]
 [1.]
 [1.]
 [1.]
 [1.]
 [1.]
 [1.]
 [1.]
 [1.]
 [1.]
 [1.]
 [1.]
 [1.]
 [1.]
 [1.]
 [1.]
 [1.]
 [1.]
 [1.]
 [1.]
 [1.]
 [1.]
 [1.]
 [1.]
 [1.]
 [1.]
 [1.]
 [1.]
 [1.]
 [1.]
 [1.]
 [1.]
 [1.]
 [1.]
 [1.]
 [1.]
 [1.]
 [1.]
 [1.]
 [1.]
 [1.]
 [1.]
 [1.]
 [1.]]",0.1194094285714286
2026-03-19 15:10:38.868910,1000.0,22.34,0.0,0.0,0.0,0.0,0.0,"[[1.]
 [1.]
 [1.]
 [1.]
 [1.]
 [1.]
 [1.]
 [1.]
 [1.]
 [1.]
 [1.]
 [1.]
 [1.]
 [1.]
 [1.]
 [1.]
 [1.]
 [1.]
 [1.]
 [1.]
 [1.]
 [1.]
 [1.]
 [1.]
 [1.]
 [1.]
 [1.]
 [1.]
 [1.]
 [1.]
 [1.]
 [1.]
 [1.]
 [1.]
 [1.]
 [1.]
 [1.]
 [1.]
 [1.]
 [1.]
 [1.]
 [1.]
 [1.]
 [1.]
 [1.]
 [1.]
 [1.]
 [1.]
 [1.]
 [1.]
 [1.]]",-0.10601101587301587
2026-03-19 15:10:39.868912,1000.0,22.34,0.0,0.0,0.0,0.0,0.0,"[[1.]
 [1.]
 [1.]
 [1.]
 [1.]
 [1.]
 [1.]
 [1.]
 [1.]
 [1.]
 [1.]
 [1.]
 [1.]
 [1.]
 [1.]
 [1.]
 [1.]
 [1.]
 [1.]
 [1.]
 [1.]
 [1.]
 [1.]
 [1.]
 [1.]
 [1.]
 [1.]
 [1.]
 [1.]
 [1.]
 [1.]
 [1.]
 [1.]
 [1.]
 [1.]
 [1.]
 [1.]
 [1.]
 [1.]
 [1.]
 [1.]
 [1.]
 [1.]
 [1.]
 [1.]
 [1.]
 [1.]
 [1.]
 [1.]
 [1.]
 [1.]]",-0.10601101587301587
2026-03-19 15:10:40.869022,1000.0,22.34,0.0,0.0,0.0,0.0,0.0,"[[1.]
 [1.]
 [1.]
 [1.]
 [1.]
 [1.]
 [1.]
 [1.]
 [1.]
 [1.]
 [1.]
 [1.]
 [1.]
 [1.]
 [1.]
 [1.]
 [1.]
 [1.]
 [1.]
 [1.]
 [1.]
 [1.]
 [1.]
 [1.]
 [1.]
 [1.]
 [1.]
 [1.]
 [1.]
 [1.]
 [1.]
 [1.]
 [1.]
 [1.]
 [1.]
 [1.]
 [1.]
 [1.]
 [1.]
 [1.]
 [1.]
 [1.]
 [1.]
 [1.]
 [1.]
 [1.]
 [1.]
 [1.]
 [1.]
 [1.]
 [1.]]",-0.10601101587301587
2026-03-19 15:10:41.869022,1000.0,22.34,0.0,0.0,0.0,0.0,0.0,"[[1.]
 [1.]
 [1.]
 [1.]
 [1.]
 [1.]
 [1.]
 [1.]
 [1.]
 [1.]
 [1.]
 [1.]
 [1.]
 [1.]
 [1.]
 [1.]
 [1.]
 [1.]
 [1.]
 [1.]
 [1.]
 [1.]
 [1.]
 [1.]
 [1.]
 [1.]
 [1.]
 [1.]
 [1.]
 [1.]
 [1.]
 [1.]
 [1.]
 [1.]
 [1.]
 [1.]
 [1.]
 [1.]
 [1.]
 [1.]
 [1.]
 [1.]
 [1.]
 [1.]
 [1.]
 [1.]
 [1.]
 [1.]
 [1.]
 [1.]
 [1.]]",-0.10601101587301587
2026-03-19 15:10:42.869022,938.8162576610888,23.0,0.0,0.0,0.0,0.0,0.0,"[[1.]
 [1.]
 [1.]
 [1.]
 [1.]
 [1.]
 [1.]
 [1.]
 [1.]
 [1.]
 [1.]
 [1.]
 [1.]
 [1.]
 [1.]
 [1.]
 [1.]
 [1.]
 [1.]
 [1.]
 [1.]
 [1.]
 [1.]
 [1.]
 [1.]
 [1.]
 [1.]
 [1.]
 [1.]
 [1.]
 [1.]
 [1.]
 [1.]
 [1.]
 [1.]
 [1.]
 [1.]
 [1.]
 [1.]
 [1.]
 [1.]
 [1.]
 [1.]
 [1.]
 [1.]
 [1.]
 [1.]
 [1.]
 [1.]
 [1.]
 [1.]]",-0.16063492063492077
2026-03-19 15:10:43.869022,938.8162576610888,23.0,0.0,0.0,0.0,0.0,0.0,"[[1.]
 [1.]
 [1.]
 [1.]
 [1.]
 [1.]
 [1.]
 [1.]
 [1.]
 [1.]
 [1.]
 [1.]
 [1.]
 [1.]
 [1.]
 [1.]
 [1.]
 [1.]
 [1.]
 [1.]
 [1.]
 [1.]
 [1.]
 [1.]
 [1.]
 [1.]
 [1.]
 [1.]
 [1.]
 [1.]
 [1.]
 [1.]
 [1.]
 [1.]
 [1.]
 [1.]
 [1.]
 [1.]
 [1.]
 [1.]
 [1.]
 [1.]
 [1.]
 [1.]
 [1.]
 [1.]
 [1.]
 [1.]
 [1.]
 [1.]
 [1.]]",-0.16063492063492077
2026-03-19 15:10:44.869022,938.8162576610888,23.0,0.0,0.0,0.0,0.0,0.0,"[[1.]
 [1.]
 [1.]
 [1.]
 [1.]
 [1.]
 [1.]
 [1.]
 [1.]
 [1.]
 [1.]
 [1.]
 [1.]
 [1.]
 [1.]
 [1.]
 [1.]
 [1.]
 [1.]
 [1.]
 [1.]
 [1.]
 [1.]
 [1.]
 [1.]
 [1.]
 [1.]
 [1.]
 [1.]
 [1.]
 [1.]
 [1.]
 [1.]
 [1.]
 [1.]
 [1.]
 [1.]
 [1.]
 [1.]
 [1.]
 [1.]
 [1.]
 [1.]
 [1.]
 [1.]
 [1.]
 [1.]
 [1.]
 [1.]
 [1.]
 [1.]]",-0.16063492063492077
2026-03-19 15:10:45.869022,861.802869596846,23.400000000000002,0.0,0.0,0.0,0.0,0.0,"[[1.]
 [1.]
 [1.]
 [1.]
 [1.]
 [1.]
 [1.]
 [1.]
 [1.]
 [1.]
 [1.]
 [1.]
 [1.]
 [1.]
 [1.]
 [1.]
 [1.]
 [1.]
 [1.]
 [1.]
 [1.]
 [1.]
 [1.]
 [1.]
 [1.]
 [1.]
 [1.]
 [1.]
 [1.]
 [1.]
 [1.]
 [1.]
 [1.]
 [1.]
 [1.]
 [1.]
 [1.]
 [1.]
 [1.]
 [1.]
 [1.]
 [1.]
 [1.]
 [1.]
 [1.]
 [1.]
 [1.]
 [1.]
 [1.]
 [1.]
 [1.]]",-0.19451428571428572
2026-03-19 15:10:46.869022,828.865938856846,23.740000000000002,0.0,0.0,0.0,0.0,0.0,"[[1.]
 [1.]
 [1.]
 [1.]
 [1.]
 [1.]
 [1.]
 [1.]
 [1.]
 [1.]
 [1.]
 [1.]
 [1.]
 [1.]
 [1.]
 [1.]
 [1.]
 [1.]
 [1.]
 [1.]
 [1.]
 [1.]
 [1.]
 [1.]
 [1.]
 [1.]
 [1.]
 [1.]
 [1.]
 [1.]
 [1.]
 [1.]
 [1.]
 [1.]
 [1.]
 [1.]
 [1.]
 [1.]
 [1.]
 [1.]
 [1.]
 [1.]
 [1.]
 [1.]
 [1.]
 [1.]
 [1.]
 [1.]
 [1.]
 [1.]
 [1.]]",-0.22377101587301612
2026-03-19 15:10:47.869022,807.2023506122147,24.26,0.0,0.0,0.0,0.0,0.0,"[[1.]
 [1.]
 [1.]
 [1.]
 [1.]
 [1.]
 [1.]
 [1.]
 [1.]
 [1.]
 [1.]
 [1.]
 [1.]
 [1.]
 [1.]
 [1.]
 [1.]
 [1.]
 [1.]
 [1.]
 [1.]
 [1.]
 [1.]
 [1.]
 [1.]
 [1.]
 [1.]
 [1.]
 [1.]
 [1.]
 [1.]
 [1.]
 [1.]
 [1.]
 [1.]
 [1.]
 [1.]
 [1.]
 [1.]
 [1.]
 [1.]
 [1.]
 [1.]
 [1.]
 [1.]
 [1.]
 [1.]
 [1.]
 [1.]
 [1.]
 [1.]]",
2026-03-19 15:10:48.869022,787.9591014861713,24.36,0.0,0.0,0.0,0.0,0.0,"[[0.]
 [0.]
 [0.]
 [0.]
 [0.]
 [0.]
 [0.]
 [0.]
 [0.]
 [0.]
 [0.]
 [0.]
 [0.]
 [0.]
 [0.]
 [0.]
 [0.]
 [0.]
 [0.]
 [0.]
 [0.]
 [0.]
 [0.]
 [0.]
 [0.]
 [0.]
 [0.]
 [0.]
 [0.]
 [0.]
 [0.]
 [0.]
 [0.]
 [0.]
 [0.]
 [0.]
 [0.]
 [0.]
 [0.]
 [0.]
 [0.]
 [0.]
 [0.]
 [0.]
 [0.]
 [0.]
 [0.]
 [0.]
 [0.]
 [0.]
 [0.]]",
2026-03-19 15:10:49.869022,756.1040518041084,24.72,0.0,0.0,0.0,0.0,0.0,"[[0.]
 [0.]
 [0.]
 [0.]
 [0.]
 [0.]
 [0.]
 [0.]
 [0.]
 [0.]
 [0.]
 [0.]
 [0.]
 [0.]
 [0.]
 [0.]
 [0.]
 [0.]
 [0.]
 [0.]
 [0.]
 [0.]
 [0.]
 [0.]
 [0.]
 [0.]
 [0.]
 [0.]
 [0.]
 [0.]
 [0.]
 [0.]
 [0.]
 [0.]
 [0.]
 [0.]
 [0.]
 [0.]
 [0.]
 [0.]
 [0.]
 [0.]
 [0.]
 [0.]
 [0.]
 [0.]
 [0.]
 [0.]
 [0.]
 [0.]
 [0.]]",
2026-03-19 15:10:50.869226,738.825857738666,24.94,0.0,0.0,0.0,0.0,0.0,"[[0.]
 [0.]
 [0.]
 [0.]
 [0.]
 [0.]
 [0.]
 [0.]
 [0.]
 [0.]
 [0.]
 [0.]
 [0.]
 [0.]
 [0.]
 [0.]
 [0.]
 [0.]
 [0.]
 [0.]
 [0.]
 [0.]
 [0.]
 [0.]
 [0.]
 [0.]
 [0.]
 [0.]
 [0.]
 [0.]
 [0.]
 [0.]
 [0.]
 [0.]
 [0.]
 [0.]
 [0.]
 [0.]
 [0.]
 [0.]
 [0.]
 [0.]
 [0.]
 [0.]
 [0.]
 [0.]
 [0.]
 [0.]
 [0.]
 [0.]
 [0.]]",
2026-03-19 15:10:51.869285,706.1571038278934,25.18,0.0,0.0,0.0,0.0,0.0,"[[0.]
 [0.]
 [0.]
 [0.]
 [0.]
 [0.]
 [0.]
 [0.]
 [0.]
 [0.]
 [0.]
 [0.]
 [0.]
 [0.]
 [0.]
 [0.]
 [0.]
 [0.]
 [0.]
 [0.]
 [0.]
 [0.]
 [0.]
 [0.]
 [0.]
 [0.]
 [0.]
 [0.]
 [0.]
 [0.]
 [0.]
 [0.]
 [0.]
 [0.]
 [0.]
 [0.]
 [0.]
 [0.]
 [0.]
 [0.]
 [0.]
 [0.]
 [0.]
 [0.]
 [0.]
 [0.]
 [0.]
 [0.]
 [0.]
 [0.]
 [0.]]",
2026-03-19 15:10:52.869285,681.6349308749697,25.240000000000002,0.0,0.0,0.0,0.0,0.0,"[[0.]
 [0.]
 [0.]
 [0.]
 [0.]
 [0.]
 [0.]
 [0.]
 [0.]
 [0.]
 [0.]
 [0.]
 [0.]
 [0.]
 [0.]
 [0.]
 [0.]
 [0.]
 [0.]
 [0.]
 [0.]
 [0.]
 [0.]
 [0.]
 [0.]
 [0.]
 [0.]
 [0.]
 [0.]
 [0.]
 [0.]
 [0.]
 [0.]
 [0.]
 [0.]
 [0.]
 [0.]
 [0.]
 [0.]
 [0.]
 [0.]
 [0.]
 [0.]
 [0.]
 [0.]
 [0.]
 [0.]
 [0.]
 [0.]
 [0.]
 [0.]]",
2026-03-19 15:10:53.869734,655.8172800587781,25.54,0.0,0.0,0.0,0.0,0.0,"[[0.]
 [0.]
 [0.]
 [0.]
 [0.]
 [0.]
 [0.]
 [0.]
 [0.]
 [0.]
 [0.]
 [0.]
 [0.]
 [0.]
 [0.]
 [0.]
 [0.]
 [0.]
 [0.]
 [0.]
 [0.]
 [0.]
 [0.]
 [0.]
 [0.]
 [0.]
 [0.]
 [0.]
 [0.]
 [0.]
 [0.]
 [0.]
 [0.]
 [0.]
 [0.]
 [0.]
 [0.]
 [0.]
 [0.]
 [0.]
 [0.]
 [0.]
 [0.]
 [0.]
 [0.]
 [0.]
 [0.]
 [0.]
 [0.]
 [0.]
 [0.]]",
2026-03-19 15:10:54.869734,650.7846212535109,25.560000000000002,0.0,0.0,0.0,0.0,0.0,"[[0.]
 [0.]
 [0.]
 [0.]
 [0.]
 [0.]
 [0.]
 [0.]
 [0.]
 [0.]
 [0.]
 [0.]
 [0.]
 [0.]
 [0.]
 [0.]
 [0.]
 [0.]
 [0.]
 [0.]
 [0.]
 [0.]
 [0.]
 [0.]
 [0.]
 [0.]
 [0.]
 [0.]
 [0.]
 [0.]
 [0.]
 [0.]
 [0.]
 [0.]
 [0.]
 [0.]
 [0.]
 [0.]
 [0.]
 [0.]
 [0.]
 [0.]
 [0.]
 [0.]
 [0.]
 [0.]
 [0.]
 [0.]
 [0.]
 [0.]
 [0.]]",
2026-03-19 15:10:55.870399,600.6154147523417,26.26,0.0,0.0,0.0,0.0,0.0,"[[0.]
 [0.]
 [0.]
 [0.]
 [0.]
 [0.]
 [0.]
 [0.]
 [0.]
 [0.]
 [0.]
 [0.]
 [0.]
 [0.]
 [0.]
 [0.]
 [0.]
 [0.]
 [0.]
 [0.]
 [0.]
 [0.]
 [0.]
 [0.]
 [0.]
 [0.]
 [0.]
 [0.]
 [0.]
 [0.]
 [0.]
 [0.]
 [0.]
 [0.]
 [0.]
 [0.]
 [0.]
 [0.]
 [0.]
 [0.]
 [0.]
 [0.]
 [0.]
 [0.]
 [0.]
 [0.]
 [0.]
 [0.]
 [0.]
 [0.]
 [0.]]",
2026-03-19 15:10:56.870399,595.5113049575053,26.38,0.0,0.0,0.0,0.0,0.0,"[[0.]
 [0.]
 [0.]
 [0.]
 [0.]
 [0.]
 [0.]
 [0.]
 [0.]
 [0.]
 [0.]
 [0.]
 [0.]
 [0.]
 [0.]
 [0.]
 [0.]
 [0.]
 [0.]
 [0.]
 [0.]
 [0.]
 [0.]
 [0.]
 [0.]
 [0.]
 [0.]
 [0.]
 [0.]
 [0.]
 [0.]
 [0.]
 [0.]
 [0.]
 [0.]
 [0.]
 [0.]
 [0.]
 [0.]
 [0.]
 [0.]
 [0.]
 [0.]
 [0.]
 [0.]
 [0.]
 [0.]
 [0.]
 [0.]
 [0.]
 [0.]]",
2026-03-19 15:10:57.870399,547.6674969790683,27.060000000000002,0.0,0.0,0.0,0.0,0.0,"[[0.]
 [0.]
 [0.]
 [0.]
 [0.]
 [0.]
 [0.]
 [0.]
 [0.]
 [0.]
 [0.]
 [0.]
 [0.]
 [0.]
 [0.]
 [0.]
 [0.]
 [0.]
 [0.]
 [0.]
 [0.]
 [0.]
 [0.]
 [0.]
 [0.]
 [0.]
 [0.]
 [0.]
 [0.]
 [0.]
 [0.]
 [0.]
 [0.]
 [0.]
 [0.]
 [0.]
 [0.]
 [0.]
 [0.]
 [0.]
 [0.]
 [0.]
 [0.]
 [0.]
 [0.]
 [0.]
 [0.]
 [0.]
 [0.]
 [0.]
 [0.]]",
2026-03-19 15:10:58.870399,532.2243607157883,27.16,0.0,0.0,0.0,0.0,0.0,"[[0.]
 [0.]
 [0.]
 [0.]
 [0.]
 [0.]
 [0.]
 [0.]
 [0.]
 [0.]
 [0.]
 [0.]
 [0.]
 [0.]
 [0.]
 [0.]
 [0.]
 [0.]
 [0.]
 [0.]
 [0.]
 [0.]
 [0.]
 [0.]
 [0.]
 [0.]
 [0.]
 [0.]
 [0.]
 [0.]
 [0.]
 [0.]
 [0.]
 [0.]
 [0.]
 [0.]
 [0.]
 [0.]
 [0.]
 [0.]
 [0.]
 [0.]
 [0.]
 [0.]
 [0.]
 [0.]
 [0.]
 [0.]
 [0.]
 [0.]
 [0.]]",
2026-03-19 15:10:59.870440,509.5595865599537,27.22,0.0,0.0,0.0,0.0,0.0,"[[0.]
 [0.]
 [0.]
 [0.]
 [0.]
 [0.]
 [0.]
 [0.]
 [0.]
 [0.]
 [0.]
 [0.]
 [0.]
 [0.]
 [0.]
 [0.]
 [0.]
 [0.]
 [0.]
 [0.]
 [0.]
 [0.]
 [0.]
 [0.]
 [0.]
 [0.]
 [0.]
 [0.]
 [0.]
 [0.]
 [0.]
 [0.]
 [0.]
 [0.]
 [0.]
 [0.]
 [0.]
 [0.]
 [0.]
 [0.]
 [0.]
 [0.]
 [0.]
 [0.]
 [0.]
 [0.]
 [0.]
 [0.]
 [0.]
 [0.]
 [0.]]",
2026-03-19 15:11:00.870440,471.07594063432055,27.38,-1.2663801327831419,-2.4479746572043948,-3.5021019910133244,-4.411897353772468,-5.175836030773139,"[[0.]
 [0.]
 [0.]
 [0.]
 [0.]
 [0.]
 [0.]
 [0.]
 [0.]
 [0.]
 [0.]
 [0.]
 [0.]
 [0.]
 [0.]
 [0.]
 [0.]
 [0.]
 [0.]
 [0.]
 [0.]
 [0.]
 [0.]
 [0.]
 [0.]
 [0.]
 [0.]
 [0.]
 [0.]
 [0.]
 [0.]
 [0.]
 [0.]
 [0.]
 [0.]
 [0.]
 [0.]
 [0.]
 [0.]
 [0.]
 [0.]
 [0.]
 [0.]
 [0.]
 [0.]
 [0.]
 [0.]
 [0.]
 [0.]
 [0.]
 [0.]]",
2026-03-19 15:11:01.870440,471.07594063432055,27.38,-1.2663801327831419,-2.4479746572043948,-3.5021019910133244,-4.411897353772468,-5.175836030773139,"[[0.]
 [0.]
 [0.]
 [0.]
 [0.]
 [0.]
 [0.]
 [0.]
 [0.]
 [0.]
 [0.]
 [0.]
 [0.]
 [0.]
 [0.]
 [0.]
 [0.]
 [0.]
 [0.]
 [0.]
 [0.]
 [0.]
 [0.]
 [0.]
 [0.]
 [0.]
 [0.]
 [0.]
 [0.]
 [0.]
 [0.]
 [0.]
 [0.]
 [0.]
 [0.]
 [0.]
 [0.]
 [0.]
 [0.]
 [0.]
 [0.]
 [0.]
 [0.]
 [0.]
 [0.]
 [0.]
 [0.]
 [0.]
 [0.]
 [0.]
 [0.]]",
2026-03-19 15:11:02.870441,429.8128972929337,27.54,-1.1982195060998315,-2.315835500446479,-3.3122695077266964,-4.17148509139735,-4.892028437046943,"[[ 0.]
 [ 0.]
 [ 0.]
 [ 0.]
 [ 0.]
 [ 0.]
 [ 0.]
 [ 0.]
 [ 0.]
 [ 0.]
 [ 0.]
 [ 0.]
 [ 0.]
 [ 0.]
 [ 0.]
 [ 0.]
 [ 0.]
 [ 0.]
 [ 0.]
 [ 0.]
 [ 0.]
 [ 0.]
 [ 0.]
 [ 0.]
 [ 0.]
 [ 0.]
 [ 0.]
 [ 0.]
 [ 0.]
 [ 0.]
 [ 0.]
 [ 0.]
 [ 0.]
 [ 0.]
 [ 0.]
 [ 0.]
 [ 0.]
 [ 0.]
 [ 0.]
 [ 0.]
 [ 0.]
 [ 0.]
 [ 0.]
 [ 0.]
 [ 0.]
 [ 0.]
 [ 0.]
 [ 0.]
 [-1.]
 [-1.]
 [-1.]]",
2026-03-19 15:11:03.870441,385.7218157270356,27.44,-1.0963871956998497,-2.116975010994747,-3.023594309056018,-3.801149804028808,-4.4482567491105955,"[[ 0.]
 [ 0.]
 [ 0.]
 [ 0.]
 [ 0.]
 [ 0.]
 [ 0.]
 [ 0.]
 [ 0.]
 [ 0.]
 [ 0.]
 [ 0.]
 [ 0.]
 [ 0.]
 [ 0.]
 [ 0.]
 [ 0.]
 [ 0.]
 [ 0.]
 [ 0.]
 [ 0.]
 [ 0.]
 [ 0.]
 [ 0.]
 [ 0.]
 [ 0.]
 [ 0.]
 [ 0.]
 [ 0.]
 [ 0.]
 [ 0.]
 [ 0.]
 [ 0.]
 [ 0.]
 [ 0.]
 [ 0.]
 [ 0.]
 [ 0.]
 [ 0.]
 [ 0.]
 [-1.]
 [-1.]
 [-1.]
 [-1.]
 [-1.]
 [-1.]
 [-1.]
 [-1.]
 [-1.]
 [-1.]
 [-1.]]",
2026-03-19 15:11:04.870441,354.3429883104834,26.900000000000002,-1.1066705345719283,-2.134733339097883,-3.044600791869148,-3.82061195519747,-4.4613240035944735,"[[ 0.]
 [ 0.]
 [ 0.]
 [ 0.]
 [ 0.]
 [ 0.]
 [ 0.]
 [ 0.]
 [ 0.]
 [ 0.]
 [ 0.]
 [ 0.]
 [ 0.]
 [ 0.]
 [ 0.]
 [ 0.]
 [ 0.]
 [ 0.]
 [ 0.]
 [ 0.]
 [ 0.]
 [ 0.]
 [ 0.]
 [ 0.]
 [ 0.]
 [ 0.]
 [ 0.]
 [ 0.]
 [ 0.]
 [ 0.]
 [ 0.]
 [ 0.]
 [ 0.]
 [ 0.]
 [ 0.]
 [-1.]
 [-1.]
 [-1.]
 [-1.]
 [-1.]
 [-1.]
 [-1.]
 [-1.]
 [-1.]
 [-1.]
 [-1.]
 [-1.]
 [-1.]
 [-1.]
 [-1.]
 [-1.]]",
2026-03-19 15:11:05.870441,344.7784882771592,26.66,-0.9736241754390179,-1.874576866312215,-2.6662686948903787,-3.3342376447027657,-3.877173589829599,"[[ 0.]
 [ 0.]
 [ 0.]
 [ 0.]
 [ 0.]
 [ 0.]
 [ 0.]
 [ 0.]
 [ 0.]
 [ 0.]
 [ 0.]
 [ 0.]
 [ 0.]
 [ 0.]
 [ 0.]
 [ 0.]
 [ 0.]
 [ 0.]
 [ 0.]
 [ 0.]
 [ 0.]
 [ 0.]
 [ 0.]
 [ 0.]
 [ 0.]
 [ 0.]
 [ 0.]
 [ 0.]
 [ 0.]
 [-1.]
 [-1.]
 [-1.]
 [-1.]
 [-1.]
 [-1.]
 [-1.]
 [-1.]
 [-1.]
 [-1.]
 [-1.]
 [-1.]
 [-1.]
 [-1.]
 [-1.]
 [-1.]
 [-1.]
 [-1.]
 [-1.]
 [-1.]
 [-1.]
 [-1.]]",
2026-03-19 15:11:06.879699,309.5130007495855,25.84,-0.9564515934271306,-1.8378906887261521,-2.606585014417267,-3.247668698399502,-3.7598727959678198,"[[ 0.]
 [ 0.]
 [ 0.]
 [ 0.]
 [ 0.]
 [ 0.]
 [ 0.]
 [ 0.]
 [ 0.]
 [ 0.]
 [ 0.]
 [ 0.]
 [ 0.]
 [ 0.]
 [ 0.]
 [ 0.]
 [ 0.]
 [ 0.]
 [ 0.]
 [ 0.]
 [ 0.]
 [ 0.]
 [ 0.]
 [ 0.]
 [ 0.]
 [-1.]
 [-1.]
 [-1.]
 [-1.]
 [-1.]
 [-1.]
 [-1.]
 [-1.]
 [-1.]
 [-1.]
 [-1.]
 [-1.]
 [-1.]
 [-1.]
 [-1.]
 [-1.]
 [-1.]
 [-1.]
 [-1.]
 [-1.]
 [-1.]
 [-1.]
 [-1.]
 [-1.]
 [-1.]
 [-1.]]",
2026-03-19 15:11:07.879816,291.37897873197295,25.54,-0.7603128463456461,-1.4552162336067087,-2.0519442645761905,-2.5377659474225096,-2.9118802179090304,"[[ 0.]
 [ 0.]
 [ 0.]
 [ 0.]
 [ 0.]
 [ 0.]
 [ 0.]
 [ 0.]
 [ 0.]
 [ 0.]
 [ 0.]
 [ 0.]
 [ 0.]
 [ 0.]
 [ 0.]
 [ 0.]
 [ 0.]
 [ 0.]
 [ 0.]
 [ 0.]
 [-1.]
 [-1.]
 [-1.]
 [-1.]
 [-1.]
 [-1.]
 [-1.]
 [-1.]
 [-1.]
 [-1.]
 [-1.]
 [-1.]
 [-1.]
 [-1.]
 [-1.]
 [-1.]
 [-1.]
 [-1.]
 [-1.]
 [-1.]
 [-1.]
 [-1.]
 [-1.]
 [-1.]
 [-1.]
 [-1.]
 [-1.]
 [-1.]
 [-1.]
 [-1.]
 [-1.]]",
2026-03-19 15:11:08.879816,291.37897873197295,25.54,-0.5030189483909107,-0.9557560998338251,-1.333394880488687,-1.6267749510688148,-1.8360937800755759,"[[ 0.]
 [ 0.]
 [ 0.]
 [ 0.]
 [ 0.]
 [ 0.]
 [ 0.]
 [ 0.]
 [ 0.]
 [ 0.]
 [ 0.]
 [ 0.]
 [ 0.]
 [ 0.]
 [ 0.]
 [-1.]
 [-1.]
 [-1.]
 [-1.]
 [-1.]
 [-1.]
 [-1.]
 [-1.]
 [-1.]
 [-1.]
 [-1.]
 [-1.]
 [-1.]
 [-1.]
 [-1.]
 [-1.]
 [-1.]
 [-1.]
 [-1.]
 [-1.]
 [-1.]
 [-1.]
 [-1.]
 [-1.]
 [-1.]
 [-1.]
 [-1.]
 [-1.]
 [-1.]
 [-1.]
 [-1.]
 [-1.]
 [-1.]
 [-1.]
 [-1.]
 [-1.]]",
2026-03-19 15:11:09.879823,228.58760195932342,24.46,-0.30028465604273014,-0.5617325644720338,-0.7662340017319849,-0.9084622811265872,-0.9907733523984107,"[[ 0.]
 [ 0.]
 [ 0.]
 [ 0.]
 [ 0.]
 [ 0.]
 [ 0.]
 [ 0.]
 [ 0.]
 [ 0.]
 [-1.]
 [-1.]
 [-1.]
 [-1.]
 [-1.]
 [-1.]
 [-1.]
 [-1.]
 [-1.]
 [-1.]
 [-1.]
 [-1.]
 [-1.]
 [-1.]
 [-1.]
 [-1.]
 [-1.]
 [-1.]
 [-1.]
 [-1.]
 [-1.]
 [-1.]
 [-1.]
 [-1.]
 [-1.]
 [-1.]
 [-1.]
 [-1.]
 [-1.]
 [-1.]
 [-1.]
 [-1.]
 [-1.]
 [-1.]
 [-1.]
 [-1.]
 [-1.]
 [-1.]
 [-1.]
 [-1.]
 [-1.]]",
2026-03-19 15:11:10.879823,203.76939148847907,23.82,-0.08825095520100508,-0.15793053340550323,-0.20266240315737363,-0.22336996502505124,-0.2249663561450718,"[[ 0.]
 [ 0.]
 [ 0.]
 [ 0.]
 [ 0.]
 [-1.]
 [-1.]
 [-1.]
 [-1.]
 [-1.]
 [-1.]
 [-1.]
 [-1.]
 [-1.]
 [-1.]
 [-1.]
 [-1.]
 [-1.]
 [-1.]
 [-1.]
 [-1.]
 [-1.]
 [-1.]
 [-1.]
 [-1.]
 [-1.]
 [-1.]
 [-1.]
 [-1.]
 [-1.]
 [-1.]
 [-1.]
 [-1.]
 [-1.]
 [-1.]
 [-1.]
 [-1.]
 [-1.]
 [-1.]
 [-1.]
 [-1.]
 [-1.]
 [-1.]
 [-1.]
 [-1.]
 [-1.]
 [-1.]
 [-1.]
 [-1.]
 [-1.]
 [-1.]]",
2026-03-19 15:11:11.879823,182.53120064038333,23.42,3.4314406526802655e-09,6.6658245836621194e-09,9.603376653424718e-09,1.220399935930573e-08,1.4463088575115536e-08,"[[-1.]
 [-1.]
 [-1.]
 [-1.]
 [-1.]
 [-1.]
 [-1.]
 [-1.]
 [-1.]
 [-1.]
 [-1.]
 [-1.]
 [-1.]
 [-1.]
 [-1.]
 [-1.]
 [-1.]
 [-1.]
 [-1.]
 [-1.]
 [-1.]
 [-1.]
 [-1.]
 [-1.]
 [-1.]
 [-1.]
 [-1.]
 [-1.]
 [-1.]
 [-1.]
 [-1.]
 [-1.]
 [-1.]
 [-1.]
 [-1.]
 [-1.]
 [-1.]
 [-1.]
 [-1.]
 [-1.]
 [-1.]
 [-1.]
 [-1.]
 [-1.]
 [-1.]
 [-1.]
 [-1.]
 [-1.]
 [-1.]
 [-1.]
 [-1.]]",
2026-03-19 15:11:12.879823,166.59941641786048,23.04,6.562041453157153,12.731349704229938,18.309076769718654,23.215314317690485,27.440893937002986,"[[ 1.]
 [ 1.]
 [ 1.]
 [ 1.]
 [ 1.]
 [ 1.]
 [ 1.]
 [ 1.]
 [ 1.]
 [ 1.]
 [ 1.]
 [ 1.]
 [ 1.]
 [ 1.]
 [ 1.]
 [ 1.]
 [ 1.]
 [ 1.]
 [ 1.]
 [ 1.]
 [ 1.]
 [-1.]
 [-1.]
 [-1.]
 [-1.]
 [-1.]
 [-1.]
 [-1.]
 [-1.]
 [-1.]
 [-1.]
 [-1.]
 [-1.]
 [-1.]
 [-1.]
 [-1.]
 [ 0.]
 [ 0.]
 [ 0.]
 [ 0.]
 [ 0.]
 [ 0.]
 [ 0.]
 [ 0.]
 [ 0.]
 [ 0.]
 [ 0.]
 [ 0.]
 [ 0.]
 [ 0.]
 [ 0.]]",
2026-03-19 15:11:13.879823,140.53403119412746,22.66,7.850867072071787,15.227322382904301,21.889159690323947,27.7398468185282,32.7683021086823,"[[ 1.]
 [ 1.]
 [ 1.]
 [ 1.]
 [ 1.]
 [ 1.]
 [ 1.]
 [ 1.]
 [ 1.]
 [ 1.]
 [ 1.]
 [ 1.]
 [ 1.]
 [ 1.]
 [ 1.]
 [-1.]
 [-1.]
 [-1.]
 [-1.]
 [-1.]
 [-1.]
 [-1.]
 [-1.]
 [-1.]
 [-1.]
 [-1.]
 [-1.]
 [-1.]
 [-1.]
 [-1.]
 [ 0.]
 [ 0.]
 [ 0.]
 [ 0.]
 [ 0.]
 [ 0.]
 [ 0.]
 [ 0.]
 [ 0.]
 [ 0.]
 [ 0.]
 [ 0.]
 [ 0.]
 [ 0.]
 [ 0.]
 [ 0.]
 [ 0.]
 [ 0.]
 [ 0.]
 [ 0.]
 [ 0.]]",
2026-03-19 15:11:14.881988,121.11868864637799,22.080000000000002,8.908571112781635,17.271757360109923,24.81339959580775,31.42249460594893,37.08626422834131,"[[ 1.]
 [ 1.]
 [ 1.]
 [ 1.]
 [ 1.]
 [ 1.]
 [ 1.]
 [ 1.]
 [ 1.]
 [ 1.]
 [ 1.]
 [ 1.]
 [-1.]
 [-1.]
 [-1.]
 [-1.]
 [-1.]
 [-1.]
 [-1.]
 [-1.]
 [-1.]
 [-1.]
 [-1.]
 [-1.]
 [-1.]
 [-1.]
 [-1.]
 [ 0.]
 [ 0.]
 [ 0.]
 [ 0.]
 [ 0.]
 [ 0.]
 [ 0.]
 [ 0.]
 [ 0.]
 [ 0.]
 [ 0.]
 [ 0.]
 [ 0.]
 [ 0.]
 [ 0.]
 [ 0.]
 [ 0.]
 [ 0.]
 [ 0.]
 [ 0.]
 [ 0.]
 [ 0.]
 [ 0.]
 [ 0.]]",
2026-03-19 15:11:15.881988,99.9292843875719,20.94,10.415641396320883,20.17596261437381,28.948993524176647,36.60111104133632,43.11664198501109,"[[ 1.]
 [ 1.]
 [ 1.]
 [ 1.]
 [ 1.]
 [ 1.]
 [ 1.]
 [ 1.]
 [ 1.]
 [-1.]
 [-1.]
 [-1.]
 [-1.]
 [-1.]
 [-1.]
 [-1.]
 [-1.]
 [-1.]
 [-1.]
 [-1.]
 [-1.]
 [-1.]
 [-1.]
 [-1.]
 [ 0.]
 [ 0.]
 [ 0.]
 [ 0.]
 [ 0.]
 [ 0.]
 [ 0.]
 [ 0.]
 [ 0.]
 [ 0.]
 [ 0.]
 [ 0.]
 [ 0.]
 [ 0.]
 [ 0.]
 [ 0.]
 [ 0.]
 [ 0.]
 [ 0.]
 [ 0.]
 [ 0.]
 [ 0.]
 [ 0.]
 [ 0.]
 [ 0.]
 [ 0.]
 [ 0.]]",-2.498861488884887
2026-03-19 15:11:16.886997,70.27733442735288,20.34,2.66872796711449e-09,5.1886035613059405e-09,7.48425827093381e-09,9.52540240562137e-09,1.1308556923600295e-08,"[[ 1.]
 [ 1.]
 [ 1.]
 [ 1.]
 [ 1.]
 [ 1.]
 [ 1.]
 [-1.]
 [-1.]
 [-1.]
 [-1.]
 [-1.]
 [-1.]
 [-1.]
 [-1.]
 [-1.]
 [-1.]
 [-1.]
 [-1.]
 [-1.]
 [-1.]
 [-1.]
 [ 0.]
 [ 0.]
 [ 0.]
 [ 0.]
 [ 0.]
 [ 0.]
 [ 0.]
 [ 0.]
 [ 0.]
 [ 0.]
 [ 0.]
 [ 0.]
 [ 0.]
 [ 0.]
 [ 0.]
 [ 0.]
 [ 0.]
 [ 0.]
 [ 0.]
 [ 0.]
 [ 0.]
 [ 0.]
 [ 0.]
 [ 0.]
 [ 0.]
 [ 0.]
 [ 0.]
 [ 0.]
 [ 0.]]",0.4772582341696697
2026-03-19 15:11:17.887018,70.27733442735288,20.34,2.66872796711449e-09,5.1886035613059405e-09,7.48425827093381e-09,9.52540240562137e-09,1.1308556923600295e-08,"[[ 1.]
 [ 1.]
 [ 1.]
 [ 1.]
 [ 1.]
 [ 1.]
 [ 1.]
 [-1.]
 [-1.]
 [-1.]
 [-1.]
 [-1.]
 [-1.]
 [-1.]
 [-1.]
 [-1.]
 [-1.]
 [-1.]
 [-1.]
 [-1.]
 [-1.]
 [-1.]
 [ 0.]
 [ 0.]
 [ 0.]
 [ 0.]
 [ 0.]
 [ 0.]
 [ 0.]
 [ 0.]
 [ 0.]
 [ 0.]
 [ 0.]
 [ 0.]
 [ 0.]
 [ 0.]
 [ 0.]
 [ 0.]
 [ 0.]
 [ 0.]
 [ 0.]
 [ 0.]
 [ 0.]
 [ 0.]
 [ 0.]
 [ 0.]
 [ 0.]
 [ 0.]
 [ 0.]
 [ 0.]
 [ 0.]]",0.4772582341696697
2026-03-19 15:11:18.892122,70.27733442735288,20.34,2.66872796711449e-09,5.1886035613059405e-09,7.48425827093381e-09,9.52540240562137e-09,1.1308556923600295e-08,"[[ 1.]
 [ 1.]
 [ 1.]
 [ 1.]
 [ 1.]
 [ 1.]
 [ 1.]
 [ 1.]
 [ 1.]
 [ 1.]
 [ 1.]
 [ 1.]
 [-1.]
 [-1.]
 [-1.]
 [-1.]
 [-1.]
 [-1.]
 [-1.]
 [-1.]
 [-1.]
 [-1.]
 [-1.]
 [-1.]
 [-1.]
 [-1.]
 [-1.]
 [ 0.]
 [ 0.]
 [ 0.]
 [ 0.]
 [ 0.]
 [ 0.]
 [ 0.]
 [ 0.]
 [ 0.]
 [ 0.]
 [ 0.]
 [ 0.]
 [ 0.]
 [ 0.]
 [ 0.]
 [ 0.]
 [ 0.]
 [ 0.]
 [ 0.]
 [ 0.]
 [ 0.]
 [ 0.]
 [ 0.]
 [ 0.]]",
2026-03-19 15:11:19.892123,21.148716687415217,19.0,2.416740798152619e-09,4.7005551131984465e-09,6.784137964570717e-09,8.640439994732896e-09,1.0266353870422813e-08,"[[ 1.]
 [ 1.]
 [ 1.]
 [ 1.]
 [ 1.]
 [ 1.]
 [ 1.]
 [-1.]
 [-1.]
 [-1.]
 [-1.]
 [-1.]
 [-1.]
 [-1.]
 [-1.]
 [-1.]
 [-1.]
 [-1.]
 [-1.]
 [-1.]
 [-1.]
 [-1.]
 [ 0.]
 [ 0.]
 [ 0.]
 [ 0.]
 [ 0.]
 [ 0.]
 [ 0.]
 [ 0.]
 [ 0.]
 [ 0.]
 [ 0.]
 [ 0.]
 [ 0.]
 [ 0.]
 [ 0.]
 [ 0.]
 [ 0.]
 [ 0.]
 [ 0.]
 [ 0.]
 [ 0.]
 [ 0.]
 [ 0.]
 [ 0.]
 [ 0.]
 [ 0.]
 [ 0.]
 [ 0.]
 [ 0.]]",
2026-03-19 15:11:20.892123,21.148716687415217,19.0,2.416740798152619e-09,4.7005551131984465e-09,6.784137964570717e-09,8.640439994732896e-09,1.0266353870422813e-08,"[[ 1.]
 [ 1.]
 [ 1.]
 [ 1.]
 [ 1.]
 [ 1.]
 [ 1.]
 [ 1.]
 [ 1.]
 [ 1.]
 [ 1.]
 [ 1.]
 [-1.]
 [-1.]
 [-1.]
 [-1.]
 [-1.]
 [-1.]
 [-1.]
 [-1.]
 [-1.]
 [-1.]
 [-1.]
 [-1.]
 [-1.]
 [-1.]
 [-1.]
 [ 0.]
 [ 0.]
 [ 0.]
 [ 0.]
 [ 0.]
 [ 0.]
 [ 0.]
 [ 0.]
 [ 0.]
 [ 0.]
 [ 0.]
 [ 0.]
 [ 0.]
 [ 0.]
 [ 0.]
 [ 0.]
 [ 0.]
 [ 0.]
 [ 0.]
 [ 0.]
 [ 0.]
 [ 0.]
 [ 0.]
 [ 0.]]",
2026-03-19 15:11:21.897041,-14.55652672121517,15.96,0.0,0.0,0.0,0.0,0.0,"[[ 1.]
 [ 1.]
 [ 1.]
 [ 1.]
 [ 1.]
 [ 1.]
 [ 1.]
 [-1.]
 [-1.]
 [-1.]
 [-1.]
 [-1.]
 [-1.]
 [-1.]
 [-1.]
 [-1.]
 [-1.]
 [-1.]
 [-1.]
 [-1.]
 [-1.]
 [-1.]
 [ 0.]
 [ 0.]
 [ 0.]
 [ 0.]
 [ 0.]
 [ 0.]
 [ 0.]
 [ 0.]
 [ 0.]
 [ 0.]
 [ 0.]
 [ 0.]
 [ 0.]
 [ 0.]
 [ 0.]
 [ 0.]
 [ 0.]
 [ 0.]
 [ 0.]
 [ 0.]
 [ 0.]
 [ 0.]
 [ 0.]
 [ 0.]
 [ 0.]
 [ 0.]
 [ 0.]
 [ 0.]
 [ 0.]]",
