intersection_id,approach_id,lat,lon,dis_to_ref
4,EW,44.7466487,-93.3970011,1500
4,EW,44.7466485,-93.3970088,943.6926038442873
4,EW,44.7466484,-93.3970166,943.0841006842215
4,EW,44.746648099999994,-93.397025,942.4680063307353
4,EW,44.746648099999994,-93.39703279999999,941.8037899753482
4,EW,44.746646399999996,-93.3970406,941.187795971733
4,EW,44.7466461,-93.39704929999999,940.543450190481
4,EW,44.7466461,-93.3970585,939.8555706034396
4,EW,44.746645799999996,-93.3970676,939.129013546986
4,EW,44.7466455,-93.3970763,938.4095800544861
4,EW,44.7466454,-93.3970856,937.7217004603214
4,EW,44.746645199999996,-93.3970942,936.987161868152
4,EW,44.746645199999996,-93.39710339999999,936.3076249571175
4,EW,44.7466453,-93.3971133,935.581067890474
4,EW,44.746645,-93.3971227,934.7991502392953
4,EW,44.746645699999995,-93.39713119999999,934.0560493291349
4,EW,44.7466454,-93.39714149999999,933.3802761607539
4,EW,44.7466454,-93.3971516,932.566164420881
4,EW,44.7466454,-93.3971615,931.7685311207775
4,EW,44.7466454,-93.397172,930.9866925407769
4,EW,44.7466456,-93.39718309999999,930.1574698038344
4,EW,44.7466453,-93.39719389999999,929.2805808631703
4,EW,44.7466455,-93.3972046,928.4270139541256
4,EW,44.7466454,-93.3972156,927.5817039084651
4,EW,44.7466456,-93.39722719999999,926.7129232134755
4,EW,44.7466462,-93.3972375,925.7965596296306
4,EW,44.7466462,-93.3972496,924.9804001580815
4,EW,44.7466462,-93.39726139999999,924.0248196847637
4,EW,44.7466461,-93.39727339999999,923.0929312890278
4,EW,44.746646299999995,-93.3972853,922.1451829415334
4,EW,44.746646299999995,-93.3972974,921.20513409226
4,EW,44.7466459,-93.3973099,920.249553619473
4,EW,44.7466461,-93.3973223,919.2613822142538
4,EW,44.746646299999995,-93.39733509999999,918.2818571710519
4,EW,44.746646299999995,-93.39734729999999,917.2707505831569
4,EW,44.746646899999995,-93.3973591,916.3072727515637
4,EW,44.7466471,-93.3973716,915.3729991704349
4,EW,44.7466471,-93.39738469999999,914.385578804847
4,EW,44.7466472,-93.3973978,913.3510247549491
4,EW,44.7466473,-93.39741149999999,912.3164109498263
4,EW,44.7466472,-93.3974245,911.2344156090559
4,EW,44.7466474,-93.397438,910.2076987047722
4,EW,44.7466473,-93.3974515,909.1413233021404
4,EW,44.7466474,-93.3974648,908.075121834122
4,EW,44.7466479,-93.3974789,907.0247142137736
4,EW,44.7466474,-93.39749049999999,905.9097994794193
4,EW,44.746647499999995,-93.3975056,904.9920202789573
4,EW,44.7466473,-93.3975193,903.7994672103274
4,EW,44.746647499999995,-93.39753379999999,902.717300476086
4,EW,44.7466474,-93.3975485,901.571967475579
4,EW,44.746647499999995,-93.39756299999999,900.41100243322
4,EW,44.7466473,-93.3975778,899.2658313759366
4,EW,44.7466473,-93.397593,898.0968106733372
4,EW,44.7466474,-93.39760799999999,896.8964120837347
4,EW,44.7466472,-93.39762259999999,895.7117560283516
4,EW,44.7466466,-93.3976366,894.5585271447403
4,EW,44.746646399999996,-93.39765249999999,893.4508857383779
4,EW,44.7466462,-93.3976679,892.1950086998016
4,EW,44.7466459,-93.3976836,890.9786120596382
4,EW,44.746645799999996,-93.39769969999999,889.7382779835907
4,EW,44.7466456,-93.3977153,888.4667545097016
4,EW,44.7466456,-93.3977316,887.2345657441425
4,EW,44.746645699999995,-93.39774729999999,885.9472961668278
4,EW,44.7466456,-93.3977633,884.7073608876689
4,EW,44.7466456,-93.3977809,883.4437344644131
4,EW,44.746645099999995,-93.3977962,882.0537992146407
4,EW,44.746645,-93.397813,880.8442247956348
4,EW,44.7466448,-93.3978301,879.5174218137527
4,EW,44.746644599999996,-93.39784689999999,878.1667902437534
4,EW,44.746644599999996,-93.3978647,876.8398474780603
4,EW,44.746644499999995,-93.3978814,875.4341174850433
4,EW,44.7466444,-93.3978989,874.1152115717208
4,EW,44.7466441,-93.3979167,872.7331289230342
4,EW,44.7466441,-93.3979342,871.3270031739911
4,EW,44.7466441,-93.39795099999999,869.9449652483797
4,EW,44.7466453,-93.3979682,868.6182088398826
4,EW,44.7466454,-93.3979866,867.2533249579806
4,EW,44.7466454,-93.39800439999999,865.8001682837773
4,EW,44.746645199999996,-93.3980229,864.3944383113376
4,EW,44.7466453,-93.39804149999999,862.9332575723047
4,EW,44.7466449,-93.3980596,861.4643066351329
4,EW,44.7466448,-93.39807789999999,860.0341927542506
4,EW,44.746644599999996,-93.3980964,858.5889331951336
4,EW,44.746644599999996,-93.3981146,857.1277524409375
4,EW,44.746644499999995,-93.3981331,855.6904330106444
4,EW,44.746644499999995,-93.3981331,854.2293791872444
4,EW,44.7466431,-93.39814989999999,854.2293791872444
4,EW,44.7466431,-93.39816859999999,852.893521172131
4,EW,44.7466431,-93.3981876,851.4167149060788
4,EW,44.7466431,-93.3982063,849.9162165600519
4,EW,44.7466429,-93.39822559999999,848.4394102939997
4,EW,44.7466426,-93.3982441,846.9150576351997
4,EW,44.7466425,-93.3982633,845.4536653004737
4,EW,44.746642699999995,-93.39828229999999,843.9373314505699
4,EW,44.746642099999995,-93.3983018,842.4366682990078
4,EW,44.7466423,-93.3983209,840.895238620139
4,EW,44.746642,-93.39833929999999,839.3866789603948
4,EW,44.746642,-93.3983588,837.9331819032215
4,EW,44.746642099999995,-93.3983777,836.3931967294277
4,EW,44.746642099999995,-93.3983978,834.900554298557
4,EW,44.7466418,-93.39841779999999,833.3131849689028
4,EW,44.746642,-93.3984376,831.7333607690908
4,EW,44.746642099999995,-93.3984572,830.169525377244
4,EW,44.7466418,-93.39847689999999,828.6216029064774
4,EW,44.746642099999995,-93.3984972,827.0654654233564
4,EW,44.7466419,-93.39851689999999,825.4619543472822
4,EW,44.746642,-93.3985366,823.9060155160281
4,EW,44.7466418,-93.3985575,822.3501958847859
4,EW,44.7466418,-93.3985778,820.6994978571425
4,EW,44.7466414,-93.39859729999999,819.0963337992857
4,EW,44.746641499999996,-93.3986182,817.5557064417721
4,EW,44.7466413,-93.3986384,815.9051207592917
4,EW,44.746640899999996,-93.39865879999999,814.3096990460062
4,EW,44.746640799999994,-93.3986793,812.6980237551913
4,EW,44.746640799999994,-93.3987001,811.0790267652142
4,EW,44.7466405,-93.3987202,809.4363758795906
4,EW,44.7466399,-93.39874069999999,807.848656035548
4,EW,44.7466395,-93.3987611,806.2283231012527
4,EW,44.746639099999996,-93.3987818,804.6166477703337
4,EW,44.7466392,-93.3988023,802.9812892420803
4,EW,44.7466388,-93.398823,801.3622922044917
4,EW,44.7466387,-93.3988443,799.7269336677788
4,EW,44.7466388,-93.3988653,798.0447591710862
4,EW,44.7466387,-93.39888669999999,796.3862762300209
4,EW,44.7466387,-93.39890729999999,794.6962045452224
4,EW,44.7466382,-93.3989288,793.069348320734
4,EW,44.7466382,-93.39894749999999,791.3705058420721
4,EW,44.746637799999995,-93.3989682,789.8936994508339
4,EW,44.7466376,-93.3989896,788.2583408847074
4,EW,44.7466377,-93.3990105,786.568159435026
4,EW,44.7466375,-93.3990317,784.917573644038
4,EW,44.746637199999995,-93.3990525,783.2431855323366
4,EW,44.746637199999995,-93.3990735,781.6001958664503
4,EW,44.746637199999995,-93.39909449999999,779.9417501573035
4,EW,44.7466368,-93.3991159,778.2833044492791
4,EW,44.7466368,-93.3991372,776.5926841124732
4,EW,44.746636099999996,-93.3991582,774.9105463104156
4,EW,44.7466358,-93.39918019999999,773.2502750210424
4,EW,44.746635999999995,-93.3992019,771.5125354583363
4,EW,44.7466356,-93.3992236,769.7986638957076
4,EW,44.7466358,-93.3992457,768.0843595292797
4,EW,44.7466357,-93.39926709999999,766.3389011299641
4,EW,44.746635399999995,-93.39928859999999,764.6488293574565
4,EW,44.746635399999995,-93.39931,762.9505691398383
4,EW,44.7466352,-93.39933189999999,761.2605339356227
4,EW,44.746635399999995,-93.3993538,759.5308689522079
4,EW,44.7466358,-93.3993753,757.801203967671
4,EW,44.7466357,-93.39939679999999,756.1026889504876
4,EW,44.7466356,-93.39941879999999,754.4047199878667
4,EW,44.746635399999995,-93.3994409,752.6672650451073
4,EW,44.7466356,-93.3994625,750.9218066386314
4,EW,44.7466353,-93.39948509999999,749.2158317575803
4,EW,44.7466352,-93.39950739999999,747.4307165144528
4,EW,44.7466352,-93.3995293,745.6695699562737
4,EW,44.7466357,-93.39955239999999,743.9400479423525
4,EW,44.7466352,-93.3995743,742.1149106044869
4,EW,44.7466343,-93.3995964,740.3844952067641
4,EW,44.7466343,-93.399619,738.6363116798003
4,EW,44.7466339,-93.399641,736.8515081124647
4,EW,44.7466341,-93.3996639,735.1135194799547
4,EW,44.7466341,-93.3996863,733.3048870911879
4,EW,44.7466341,-93.3997088,731.5358782397452
4,EW,44.7466339,-93.3997315,729.7589720278296
4,EW,44.7466337,-93.39975369999999,727.9661331554526
4,EW,44.7466338,-93.39977669999999,726.2127779764064
4,EW,44.7466338,-93.3997985,724.396350913859
4,EW,44.7466333,-93.39981979999999,722.6747262185637
4,EW,44.7466333,-93.3998422,720.9916697793949
4,EW,44.7466332,-93.3998653,719.2226609034697
4,EW,44.7466333,-93.3998878,717.3983366108347
4,EW,44.7466331,-93.3999101,715.621395581447
4,EW,44.7466328,-93.39993319999999,713.8601436549096
4,EW,44.7466327,-93.39995599999999,712.0355482750912
4,EW,44.7466326,-93.399979,710.2349156050113
4,EW,44.746632399999996,-93.4000016,708.4184885067771
4,EW,44.746632299999995,-93.4000246,706.633546339412
4,EW,44.746631099999995,-93.4000466,704.8171192328733
4,EW,44.746631,-93.4000696,703.0745834207868
4,EW,44.7466308,-93.4000921,701.258156273404
4,EW,44.7466308,-93.4001158,699.4811108018407
4,EW,44.746630599999996,-93.4001385,697.6094361517863
4,EW,44.7466307,-93.40016159999999,695.8165971770742
4,EW,44.746630499999995,-93.40018479999999,693.9922728035083
4,EW,44.746630499999995,-93.4002082,692.1599499912165
4,EW,44.7466302,-93.40023149999999,690.3119674154651
4,EW,44.7466302,-93.40025399999999,688.4715798478192
4,EW,44.7466297,-93.40027769999999,686.6946735160183
4,EW,44.746629299999995,-93.4003017,684.8221732685967
4,EW,44.746629,-93.4003249,682.9262846875047
4,EW,44.7466292,-93.40034879999999,681.0937931398012
4,EW,44.7466292,-93.4003721,679.2061927022371
4,EW,44.746629,-93.40039569999999,677.366107446068
4,EW,44.7466292,-93.4004185,675.502197427829
4,EW,44.7466292,-93.4004428,673.7014616461545
4,EW,44.746629299999995,-93.4004665,671.7824027751942
4,EW,44.7466292,-93.4004902,669.9106950451709
4,EW,44.746629299999995,-93.4005152,668.0389873151476
4,EW,44.746629299999995,-93.40053929999999,666.0646156011484
4,EW,44.746629399999996,-93.4005636,664.1613514568878
4,EW,44.7466296,-93.4005871,662.2422603755356
4,EW,44.7466296,-93.4005871,660.3862471667584
4,EW,44.7466296,-93.4006118,660.3862471667584
4,EW,44.7466297,-93.4006361,658.435598862482
4,EW,44.746629899999995,-93.4006603,656.5165077910893
4,EW,44.7466302,-93.4006845,654.6052169149459
4,EW,44.7466302,-93.4007093,652.6937643266585
4,EW,44.7466304,-93.4007338,650.7352186805014
4,EW,44.746631099999995,-93.4007575,648.8002373209953
4,EW,44.7466313,-93.4007822,646.9269448947173
4,EW,44.7466315,-93.4008071,644.9761698772397
4,EW,44.7466315,-93.40083179999999,643.0096011618498
4,EW,44.7466314,-93.4008561,641.0589529216898
4,EW,44.7466313,-93.40088089999999,639.1398619100543
4,EW,44.746631099999995,-93.4009055,637.1812847392034
4,EW,44.746631099999995,-93.4009308,635.238406567315
4,EW,44.7466313,-93.4009559,633.2403741449929
4,EW,44.7466314,-93.4009804,631.2580117018601
4,EW,44.7466304,-93.4010057,629.3231262281765
4,EW,44.7466302,-93.4010306,627.3220020691289
4,EW,44.7466304,-93.40105589999999,625.3554333163208
4,EW,44.746629999999996,-93.4010813,623.3572771064249
4,EW,44.746629899999995,-93.4011065,621.3508542410079
4,EW,44.7466301,-93.4011566,619.3606880773389
4,EW,44.7466301,-93.4011566,615.4040474656501
4,EW,44.746629999999996,-93.4011819,615.4040474656501
4,EW,44.746629299999995,-93.4012321,613.4059840660551
4,EW,44.746629299999995,-93.4012321,609.4407445411971
4,EW,44.746629299999995,-93.40128299999999,609.4407445411971
4,EW,44.746629299999995,-93.40128299999999,605.420987488732
4,EW,44.746628799999996,-93.4013331,605.420987488732
4,EW,44.746628799999996,-93.40135819999999,601.4640187045576
4,EW,44.7466284,-93.4013836,599.4817809273743
4,EW,44.746628199999996,-93.40140869999999,597.4753580064656
4,EW,44.746628,-93.4014337,595.4929954650148
4,EW,44.7466276,-93.40145869999999,593.5185297779285
4,EW,44.7466271,-93.4014844,591.5436883911368
4,EW,44.746626299999996,-93.4015093,589.5133050431334
4,EW,44.7466261,-93.4015348,587.5448508962885
4,EW,44.746625699999996,-93.4015603,585.5309007910814
4,EW,44.746625699999996,-93.4015852,583.5165823479464
4,EW,44.7466253,-93.40161169999999,581.5501391876993
4,EW,44.7466248,-93.4016369,579.4568656392446
4,EW,44.7466246,-93.4016627,577.4659539210251
4,EW,44.746624399999995,-93.4016886,575.4283131037486
4,EW,44.7466242,-93.4017145,573.3827753861924
4,EW,44.7466242,-93.4017401,571.3372376615683
4,EW,44.7466242,-93.4017665,569.3155129141476
4,EW,44.746623899999996,-93.4017926,567.2306092687558
4,EW,44.746623899999996,-93.4018183,565.1691277868522
4,EW,44.7466236,-93.40184459999999,563.1395056659501
4,EW,44.7466237,-93.40187039999999,561.0622315019298
4,EW,44.746624,-93.40189649999999,559.0246816689954
4,EW,44.746623799999995,-93.401922,556.9632001799739
4,EW,44.746623899999996,-93.4019489,554.9492499935124
4,EW,44.7466237,-93.4019749,552.8248304232386
4,EW,44.7466234,-93.4020012,550.7713957828709
4,EW,44.7466234,-93.4020012,548.6941216105304
4,EW,44.746623199999995,-93.4020269,548.6941216105304
4,EW,44.7466228,-93.40205379999999,546.6643776347798
4,EW,44.7466231,-93.4020803,544.5395215714153
4,EW,44.746622599999995,-93.4021063,542.446454673772
4,EW,44.746622699999996,-93.4021332,540.392387862201
4,EW,44.7466228,-93.4021594,538.2679682478265
4,EW,44.746622699999996,-93.4021856,536.1988293960501
4,EW,44.7466225,-93.4022121,534.1296905453959
4,EW,44.746622599999995,-93.40223859999999,532.0367713220589
4,EW,44.746622699999996,-93.40226489999999,529.9439407152131
4,EW,44.746623,-93.4022914,527.8669046114234
4,EW,44.7466229,-93.40231829999999,525.77383771016
4,EW,44.7466228,-93.4023454,523.6494181068108
4,EW,44.746623,-93.40237169999999,521.509203988284
4,EW,44.7466222,-93.40239919999999,519.4320786035685
4,EW,44.746622599999995,-93.40242549999999,517.2584828571461
4,EW,44.7466223,-93.4024529,515.1810003276189
4,EW,44.7466223,-93.40247959999999,513.0168658798657
4,EW,44.7466217,-93.4025071,510.908270078567
4,EW,44.7466217,-93.4025344,508.735470833479
4,EW,44.7466213,-93.40256289999999,506.5794908339242
4,EW,44.7466211,-93.4025893,504.3283030440664
4,EW,44.746620799999995,-93.4026169,502.2432806847335
4,EW,44.7466206,-93.402644,500.0633533192029
4,EW,44.746620199999995,-93.4026718,497.92305246689494
4,EW,44.74662,-93.4026986,495.72713511141393
4,EW,44.7466203,-93.4027259,493.6105250318714
4,EW,44.74662,-93.4027526,491.4542869198375
4,EW,44.7466198,-93.4027804,489.34542718605763
4,EW,44.7466201,-93.4028076,487.14984767302514
4,EW,44.746620199999995,-93.4028348,485.0015059673103
4,EW,44.7466201,-93.4028616,482.8533944937633
4,EW,44.7466203,-93.4028888,480.7368720413123
4,EW,44.746620199999995,-93.4029159,478.58867423175985
4,EW,44.7466198,-93.4029429,476.4484600180933
4,EW,44.74662,-93.40297029999999,474.3157082049078
4,EW,44.7466197,-93.40299759999999,472.15171649959484
4,EW,44.7466195,-93.40302469999999,469.9954783763608
4,EW,44.746619599999995,-93.40305169999999,467.85517748332825
4,EW,44.7466197,-93.4030794,465.7228604992266
4,EW,44.7466205,-93.4031062,463.53526271097473
4,EW,44.746620199999995,-93.403134,461.4169008873205
4,EW,44.7466203,-93.4031608,459.22118060946144
4,EW,44.7466207,-93.4031885,457.1046581606677
4,EW,44.7466206,-93.4032156,454.91663654532033
4,EW,44.746620799999995,-93.4032421,452.77642234646333
4,EW,44.7466207,-93.4032699,450.68350305434143
4,EW,44.7466205,-93.403297,448.4880080470787
4,EW,44.746620799999995,-93.40332459999999,446.3477071910603
4,EW,44.746621,-93.40335119999999,444.16777981423087
4,EW,44.746620899999996,-93.4033784,442.06696361123926
4,EW,44.7466213,-93.4034053,439.91885216629424
4,EW,44.7466213,-93.40343299999999,437.7939960319793
4,EW,44.7466212,-93.40346,435.60642656749627
4,EW,44.746621,-93.40348739999999,433.47410964609884
4,EW,44.7466213,-93.4035143,431.31011798570455
4,EW,44.7466211,-93.4035413,429.185465524268
4,EW,44.7466207,-93.4035684,427.0530616247913
4,EW,44.746620899999996,-93.40359529999999,424.91241419373233
4,EW,44.746620899999996,-93.40362309999999,422.7879072118336
4,EW,44.746621,-93.403652,420.59244036881427
4,EW,44.746620899999996,-93.403679,418.31007545033293
4,EW,44.7466205,-93.4037065,416.17775851786934
4,EW,44.7466207,-93.4037331,414.0055283483803
4,EW,44.7466204,-93.4037608,411.90471213448694
4,EW,44.7466204,-93.40378779999999,409.71688831180177
4,EW,44.746620199999995,-93.4038155,407.58460035303875
4,EW,44.7466201,-93.40384279999999,405.39691781096326
4,EW,44.7466198,-93.4038703,403.2409090793338
4,EW,44.7466195,-93.4038978,401.06887811043356
4,EW,44.7466195,-93.4039253,398.89684713027555
4,EW,44.7466195,-93.4039525,396.72507232260847
4,EW,44.7466194,-93.40398049999999,394.57698960346664
4,EW,44.7466194,-93.40400799999999,392.36570002300664
4,EW,44.7466192,-93.4040359,390.19392521158244
4,EW,44.7466191,-93.4040629,387.9904487158239
4,EW,44.7466192,-93.4040904,385.85813171696327
4,EW,44.7466193,-93.4041175,383.6863284304168
4,EW,44.7466193,-93.4041453,381.5461141797264
4,EW,44.7466191,-93.4041723,379.3506472759379
4,EW,44.7466192,-93.40419999999999,377.21824330268976
4,EW,44.7466191,-93.40422769999999,375.0306454966384
4,EW,44.7466194,-93.4042551,372.8430476894647
4,EW,44.7466194,-93.40428229999999,370.67891312192404
4,EW,44.7466198,-93.4043098,368.5308304001884
4,EW,44.7466201,-93.4043374,366.3586001893801
4,EW,44.7466203,-93.4043646,364.17867278502433
4,EW,44.7466206,-93.4043921,362.0304749765941
4,EW,44.746621,-93.40441969999999,359.8584440264771
4,EW,44.746621499999996,-93.4044474,357.67831814813525
4,EW,44.7466204,-93.4044735,355.49004228503213
4,EW,44.746620899999996,-93.4045014,353.4252046679351
4,EW,44.7466213,-93.40452859999999,351.2211391185402
4,EW,44.7466216,-93.4045562,349.07259603125175
4,EW,44.746621999999995,-93.4045833,346.8926686834626
4,EW,44.746621999999995,-93.4046106,344.75202128571834
4,EW,44.746622699999996,-93.4046388,342.5960412973528
4,EW,44.7466228,-93.4046654,340.3676252674739
4,EW,44.746623299999996,-93.40469329999999,338.2668974157695
4,EW,44.7466235,-93.40471989999999,336.062831958949
4,EW,44.746622599999995,-93.4047475,333.96201584680546
4,EW,44.746623199999995,-93.4047746,331.7800476336625
4,EW,44.7466237,-93.4048024,329.6388227576841
4,EW,44.7466237,-93.40482949999999,327.4426521560386
4,EW,44.7466243,-93.40485679999999,325.302466955989
4,EW,44.7466242,-93.4048851,323.1454550086888
4,EW,44.746624399999995,-93.40491209999999,320.9104738193873
4,EW,44.7466246,-93.4049402,318.7780700353868
4,EW,44.7466248,-93.40496809999999,316.558799811875
4,EW,44.7466249,-93.4049957,314.35532352306177
4,EW,44.7466248,-93.4050242,312.17562319094264
4,EW,44.746624999999995,-93.4050517,309.92484749547594
4,EW,44.7466254,-93.4050796,307.7529590300082
4,EW,44.7466253,-93.4051076,305.54914610945076
4,EW,44.746625699999996,-93.4051356,303.3378567535639
4,EW,44.746625599999994,-93.405163,301.1261480845003
4,EW,44.746625699999996,-93.4051908,298.96224229990037
4,EW,44.7466259,-93.405219,296.76674747873676
4,EW,44.7466259,-93.4052464,294.53958033864404
4,EW,44.7466259,-93.40527449999999,292.3757031341459
4,EW,44.7466267,-93.4053035,290.156544395128
4,EW,44.746626899999995,-93.4053309,287.8645824762799
4,EW,44.7466274,-93.4053594,285.7005910292575
4,EW,44.7466274,-93.40538699999999,283.44915631711257
4,EW,44.7466278,-93.4054156,281.2694844448668
4,EW,44.746628,-93.4054429,279.01040106616904
4,EW,44.746629,-93.4054707,276.85430660306207
4,EW,44.7466295,-93.4054985,274.656025978804
4,EW,44.7466303,-93.4055267,272.45985559739603
4,EW,44.746630599999996,-93.4055546,270.23102376134597
4,EW,44.7466308,-93.4055826,268.0274074131556
4,EW,44.7466313,-93.40561029999999,265.81603439177024
4,EW,44.7466321,-93.405638,263.6277589005414
4,EW,44.7466326,-93.4056655,261.4383819105216
4,EW,44.7466326,-93.4056935,259.2658960541516
4,EW,44.746633599999996,-93.4057206,257.05463493302847
4,EW,44.7466341,-93.40574889999999,254.91156341941362
4,EW,44.746634799999995,-93.4057764,252.67591883959145
4,EW,44.7466352,-93.4058036,250.50275021103337
4,EW,44.746635999999995,-93.4058311,248.3542076390499
4,EW,44.7466364,-93.4058592,246.18061238067162
4,EW,44.7466369,-93.4058865,243.96100835205135
4,EW,44.7466369,-93.4059142,241.8043121675953
4,EW,44.7466375,-93.4059417,239.6167432923578
4,EW,44.7466383,-93.40596889999999,237.44394461807738
4,EW,44.746639099999996,-93.40599569999999,235.29402146004605
4,EW,44.7466393,-93.4060233,233.17566031685394
4,EW,44.7466399,-93.40605029999999,230.99587544023194
4,EW,44.7466404,-93.4060777,228.86254469444077
4,EW,44.7466412,-93.4061048,226.6979538946986
4,EW,44.746641499999996,-93.406132,224.55592141593507
4,EW,44.7466424,-93.406159,222.40758050538176
4,EW,44.7466429,-93.40618599999999,220.27294619328245
4,EW,44.7466438,-93.4062129,218.1399343515811
4,EW,44.7466449,-93.40623939999999,216.01318873447096
4,EW,44.7466455,-93.4062668,213.91681715017353
4,EW,44.7466459,-93.4062941,211.75191239788072
4,EW,44.7466468,-93.40632099999999,209.59547455075605
4,EW,44.7466477,-93.40634829999999,207.4687290448982
4,EW,44.7466485,-93.4063747,205.31042861590643
4,EW,44.7466483,-93.4064006,203.22362896565068
4,EW,44.7466495,-93.4064271,201.17809209374397
4,EW,44.7466501,-93.4064542,199.0810425172262
4,EW,44.7466507,-93.40648039999999,196.93981863671976
4,EW,44.746651299999996,-93.4065073,194.86963531230566
4,EW,44.746652499999996,-93.40653359999999,192.74419846661445
4,EW,44.7466534,-93.40656039999999,190.6629114677399
4,EW,44.7466544,-93.40658669999999,188.544054781326
4,EW,44.7466552,-93.40661349999999,186.46407521877796
4,EW,44.746655499999996,-93.40664,184.34571466452633
4,EW,44.7466562,-93.4066665,182.252648939777
4,EW,44.746657,-93.40669299999999,180.15840211165926
4,EW,44.7466581,-93.4067195,178.06371256294022
4,EW,44.7466589,-93.4067458,175.96734145460965
4,EW,44.7466599,-93.4067717,173.88843233155623
4,EW,44.746660999999996,-93.40679779999999,171.8399965280204
4,EW,44.7466619,-93.40682439999999,169.77516031694717
4,EW,44.7466629,-93.4068502,167.672080896788
4,EW,44.7466639,-93.4068769,165.63153086695718
4,EW,44.746664599999995,-93.4069023,163.5200067143065
4,EW,44.7466654,-93.4069275,161.51256849790207
4,EW,44.7466662,-93.4069531,159.52044749947925
4,EW,44.7466662,-93.4069531,157.4967681200298
4,EW,44.746666999999995,-93.40697879999999,157.4967681200298
4,EW,44.7466675,-93.4070046,155.46519901645405
4,EW,44.7466684,-93.4070299,153.42692266277953
4,EW,44.746669,-93.4070557,151.42638684376527
4,EW,44.7466699,-93.4070801,149.3877769350559
4,EW,44.7466708,-93.4071051,147.4582251098097
4,EW,44.7466717,-93.4071305,145.48135142471574
4,EW,44.7466722,-93.4071553,143.47292821282096
4,EW,44.7466721,-93.4071792,141.51359501375356
4,EW,44.7466733,-93.4072036,139.62609423749484
4,EW,44.7466739,-93.4072278,137.69452509685493
4,EW,44.746674399999996,-93.4072521,135.78220089375145
4,EW,44.7466752,-93.40727629999999,133.86233832040799
4,EW,44.746676199999996,-93.4073001,131.94910918790703
4,EW,44.746676699999995,-93.407324,130.06625237653972
4,EW,44.7466776,-93.4073476,128.1779658291252
4,EW,44.7466782,-93.4073705,126.31150519433253
4,EW,44.7466789,-93.407394,124.50178070323702
4,EW,44.7466799,-93.40741829999999,122.64427077697654
4,EW,44.7466803,-93.4074413,120.72199481726142
4,EW,44.7466812,-93.4074644,118.90505876074857
4,EW,44.7466819,-93.4074871,117.07802698752076
4,EW,44.7466826,-93.40751,115.28363854704854
4,EW,44.7466831,-93.4075326,113.47347015655059
4,EW,44.7466837,-93.4075549,111.68780235517715
4,EW,44.7466845,-93.4075775,109.92542908554725
4,EW,44.746684699999996,-93.40759969999999,108.13841161368958
4,EW,44.746685199999995,-93.4076219,106.38505797529035
4,EW,44.7466857,-93.4076451,104.63096406290481
4,EW,44.746686,-93.4076666,102.7979345968768
4,EW,44.7466863,-93.4076882,101.0996758564805
4,EW,44.7466869,-93.40771,99.39352128816074
4,EW,44.7466873,-93.40773159999999,97.67060593183429
4,EW,44.7466879,-93.4077532,95.96419776931181
4,EW,44.7466884,-93.4077741,94.25706519303728
4,EW,44.7466892,-93.4077954,92.60558218542911
4,EW,44.746688999999996,-93.4078157,90.9210954227116
4,EW,44.7466897,-93.40783689999999,89.31777843510575
4,EW,44.7466904,-93.40785849999999,87.64173115953756
4,EW,44.746690699999995,-93.4078791,85.93412794361518
4,EW,44.746691,-93.4078997,84.30693120726008
4,EW,44.7466912,-93.40791949999999,82.67973448045225
4,EW,44.746691899999995,-93.4079397,81.11590042050358
4,EW,44.7466923,-93.4079596,79.51873731948744
4,EW,44.746692499999995,-93.4079794,77.9465347971451
4,EW,44.7466929,-93.4079984,76.3827007712483
4,EW,44.746693199999996,-93.40801839999999,74.88154464707569
4,EW,44.7466933,-93.4080377,73.30172184322275
4,EW,44.7466935,-93.40805689999999,71.77749218093912
4,EW,44.746693699999994,-93.4080759,70.26103735844177
4,EW,44.7466941,-93.4080951,68.76037552947307
4,EW,44.7466948,-93.40811459999999,67.24343159302018
4,EW,44.7466948,-93.4081334,65.70148200205594
4,EW,44.7466949,-93.4081525,64.21677970354308
4,EW,44.7466954,-93.4081708,62.70834436421775
4,EW,44.7466958,-93.4081897,61.26205981647334
4,EW,44.746696199999995,-93.40820819999999,59.76879763405771
4,EW,44.746696299999996,-93.4082265,58.30711055338163
4,EW,44.7466972,-93.4082471,56.86185227819219
4,EW,44.7466978,-93.4082651,55.23192253984794
4,EW,44.7466982,-93.40828309999999,53.808834363409375
4,EW,44.746698699999996,-93.40830079999999,52.386615301310854
4,EW,44.746699299999996,-93.4083189,50.98767873846141
4,EW,44.7466995,-93.4083363,49.55670188183261
4,EW,44.7466996,-93.40835349999999,48.18238268451708
4,EW,44.746700399999995,-93.40837049999999,46.82399262981638
4,EW,44.7467002,-93.4083878,45.478498964226134
4,EW,44.7467007,-93.4084041,44.11207609973478
4,EW,44.746700999999995,-93.40842219999999,42.823607668662035
4,EW,44.7467012,-93.4084389,41.39379779807573
4,EW,44.746701099999996,-93.4084549,40.074752562198206
4,EW,44.7467019,-93.4084711,38.811127352086324
4,EW,44.746702299999995,-93.40848679999999,37.52866750200563
4,EW,44.7467025,-93.4085029,36.28798577784056
4,EW,44.7467028,-93.4085187,35.01631769467098
4,EW,44.7467032,-93.40853369999999,33.768090318637825
4,EW,44.7467036,-93.4085487,32.58265288278085
4,EW,44.7467039,-93.4085636,31.397215453993894
4,EW,44.7467038,-93.4085788,30.220037346162627
4,EW,44.7467044,-93.4085923,29.019588431096956
4,EW,44.7467045,-93.4086068,27.951360531600386
4,EW,44.746705,-93.4086207,26.806190602309545
4,EW,44.7467052,-93.40863449999999,25.707051736342454
4,EW,44.7467052,-93.40864739999999,24.61699038676446
4,EW,44.7467057,-93.4086605,23.59823207822392
4,EW,44.746705899999995,-93.4086729,22.56218622904614
4,EW,44.7467063,-93.4086856,21.582662198675944
4,EW,44.746706499999995,-93.4086978,20.57871287059435
4,EW,44.7467073,-93.4087124,19.61497941464407
4,EW,44.746707799999996,-93.4087239,18.458539747565553
4,EW,44.7467079,-93.4087349,17.548644215427643
4,EW,44.746708,-93.4087464,16.679864458130435
4,EW,44.7467085,-93.4087576,15.771601041936101
4,EW,44.7467088,-93.4087682,14.885352120981317
4,EW,44.746708999999996,-93.40877909999999,14.047568551420708
4,EW,44.746708999999996,-93.40878939999999,13.186470100042955
4,EW,44.7467093,-93.4088002,12.373042977060457
4,EW,44.7467095,-93.40880969999999,11.519477006076839
4,EW,44.7467099,-93.4088208,10.768899161206178
4,EW,44.7467099,-93.4088294,9.891165587344643
4,EW,44.7467099,-93.4088383,9.211993436873342
4,EW,44.7467103,-93.40884679999999,8.50912923492851
4,EW,44.7467106,-93.40885469999999,7.8363825197261905
4,EW,44.7467105,-93.40886259999999,7.211600652524698
4,EW,44.7467107,-93.4088701,6.587610880751952
4,EW,44.7467109,-93.40887699999999,5.994892239506545
4,EW,44.7467109,-93.4088842,5.449521442145739
4,EW,44.7467113,-93.4088907,4.880912208761758
4,EW,44.7467116,-93.4088981,4.365661108013596
4,EW,44.7467119,-93.408903,3.780305883524074
4,EW,44.7467117,-93.4089082,3.3919005574821193
4,EW,44.7467118,-93.40891359999999,2.980636616464173
4,EW,44.7467118,-93.40891769999999,2.5540347581843608
4,EW,44.7467124,-93.4089223,2.23024339494797
4,EW,44.7467125,-93.40892629999999,1.8608897157595206
4,EW,44.7467123,-93.4089295,1.5448000641488246
4,EW,44.7467128,-93.4089324,1.2911082252934538
4,EW,44.746712599999995,-93.4089351,1.0554332710387972
4,EW,44.7467122,-93.4089391,0.8410482282360994
4,EW,44.7467122,-93.4089403,0.5220383295388428
4,EW,44.7467122,-93.40894159999999,0.4272701262931875
4,EW,44.7467123,-93.408943,0.324604573244678
4,EW,44.7467124,-93.4089437,0.21348392334582844
4,EW,44.7467125,-93.40894379999999,0.1570952539350726
4,EW,44.7467124,-93.4089444,0.1434566596756239
4,EW,44.7467122,-93.4089446,0.09478535149139308
4,EW,44.7467123,-93.4089446,0.06750816229891238
4,EW,44.7467122,-93.4089453,0.05638866950451303
4,EW,44.7467122,-93.4089453,0.0
4,EW,44.7467122,-93.4089453,0.0
4,EW,44.7467121,-93.4089867,-3.269521923856533
4,EW,44.7467122,-93.4089981,-4.169888521292548
4,EW,44.7467120,-93.4089999,-4.313769896510748
4,EW,44.7467121,-93.409011,-5.190446300592383
4,EW,44.7467121,-93.409112,-13.166770087753669
4,EW,44.7467111,-93.409173,-17.98543693433004
4,EW,44.7467181,-93.409287,-27.022000496364157
4,EW,44.7467121,-93.409406,-35.0
