intersection_id,approach_id,lat,lon,dis_to_ref
4,NS,44.757029499999994,-93.4061712,1224.2964799799481
4,NS,44.7570236,-93.40617999999999,1223.3408606965393
4,NS,44.7570183,-93.4061894,1222.3931255781288
4,NS,44.757011899999995,-93.4061985,1221.381825089539
4,NS,44.757005299999996,-93.40620799999999,1220.33241507937
4,NS,44.756999,-93.4062178,1219.2886191669556
4,NS,44.7569922,-93.4062283,1218.166527423219
4,NS,44.7569854,-93.40623769999999,1217.1069922779495
4,NS,44.7569788,-93.4062474,1216.0462365361336
4,NS,44.7569722,-93.4062573,1214.9740227020225
4,NS,44.7569653,-93.4062675,1213.861677091868
4,NS,44.7569583,-93.4062782,1212.7129164991545
4,NS,44.756952,-93.40628819999999,1211.657359815917
4,NS,44.756944399999995,-93.4062989,1210.4623859219641
4,NS,44.7569368,-93.4063101,1209.2391804038389
4,NS,44.7569296,-93.4063211,1208.0579295614027
4,NS,44.7569221,-93.40633179999999,1206.8707930711041
4,NS,44.7569145,-93.40634279999999,1205.6589553481938
4,NS,44.7569072,-93.4063539,1204.464358811616
4,NS,44.7568991,-93.40636529999999,1203.190988064503
4,NS,44.756891599999996,-93.4063767,1201.963900731535
4,NS,44.7568834,-93.40638849999999,1200.6602579181747
4,NS,44.7568753,-93.4063982,1199.4779559669519
4,NS,44.7568675,-93.4064104,1198.1817284233246
4,NS,44.7568595,-93.4064221,1196.899241163189
4,NS,44.756851399999995,-93.4064339,1195.6033508433977
4,NS,44.7568431,-93.40644569999999,1194.291906254878
4,NS,44.756834999999995,-93.4064576,1192.9903271042638
4,NS,44.7568266,-93.40646939999999,1191.6710334281556
4,NS,44.7568187,-93.4064818,1190.3556271137422
4,NS,44.756810099999996,-93.4064942,1188.9870140032438
4,NS,44.7568019,-93.4065064,1187.660613030748
4,NS,44.7567933,-93.4065181,1186.3309799747105
4,NS,44.756785,-93.4065308,1184.9681291175898
4,NS,44.7567764,-93.406544,1183.553636833927
4,NS,44.756768199999996,-93.4065564,1182.2157223864067
4,NS,44.756759699999996,-93.4065688,1180.85485481501
4,NS,44.7567513,-93.4065815,1179.4844490244752
4,NS,44.7567423,-93.4065942,1178.0677289576447
4,NS,44.7567333,-93.4066077,1176.6056159869643
4,NS,44.7567246,-93.40662069999999,1175.1951157048925
4,NS,44.7567155,-93.40663409999999,1173.7310859163135
4,NS,44.7567072,-93.4066478,1172.3091294831036
4,NS,44.7566984,-93.4066612,1170.8679537349274
4,NS,44.7566892,-93.40667429999999,1169.4131529309313
4,NS,44.7566804,-93.40668749999999,1167.9835306626255
4,NS,44.7566718,-93.4067012,1166.5396994443959
4,NS,44.7566627,-93.4067139,1165.1151019851327
4,NS,44.7566537,-93.4067276,1163.641435108527
4,NS,44.7566449,-93.4067405,1162.2289891087235
4,NS,44.756635599999996,-93.4067542,1160.73246818929
4,NS,44.7566272,-93.4067675,1159.3270226156742
4,NS,44.756617899999995,-93.40678059999999,1157.8643804876206
4,NS,44.7566084,-93.4067943,1156.3524063564764
4,NS,44.7565994,-93.40680739999999,1154.9131556440198
4,NS,44.756590599999996,-93.4068209,1153.4661715360282
4,NS,44.7565818,-93.40683419999999,1152.0307811893256
4,NS,44.7565727,-93.4068482,1150.5321528219838
4,NS,44.7565635,-93.40686199999999,1149.0375461189728
4,NS,44.7565539,-93.4068758,1147.5121513474703
4,NS,44.7565446,-93.4068896,1146.00991170257
4,NS,44.756535299999996,-93.4069038,1144.484607504273
4,NS,44.7565253,-93.4069174,1142.938774250794
4,NS,44.7565157,-93.4069317,1141.384931182835
4,NS,44.7565062,-93.4069457,1139.8559183426994
4,NS,44.7564968,-93.4069598,1138.328819253858
4,NS,44.756487199999995,-93.4069742,1136.769228558243
4,NS,44.7564772,-93.4069887,1135.173209109953
4,NS,44.7564675,-93.40700319999999,1133.6002483849754
4,NS,44.7564578,-93.40701759999999,1132.0330254999508
4,NS,44.7564472,-93.4070332,1130.3281695981452
4,NS,44.7564369,-93.4070474,1128.7253914893247
4,NS,44.7564261,-93.4070615,1127.0878026013954
4,NS,44.7564159,-93.40707599999999,1125.476209391782
4,NS,44.7564054,-93.4070911,1123.8074541150027
4,NS,44.7563951,-93.4071061,1122.159867204987
4,NS,44.7563847,-93.4071218,1120.4645437803606
4,NS,44.7563738,-93.4071372,1118.7476768708684
4,NS,44.7563633,-93.4071529,1117.0447487862218
4,NS,44.756353,-93.4071683,1115.3743120110637
4,NS,44.7563424,-93.407184,1113.6637408004292
4,NS,44.7563319,-93.4071999,1111.949281915477
4,NS,44.7563211,-93.40721529999999,1110.2402458925214
4,NS,44.756310299999996,-93.40723159999999,1108.4799385709487
4,NS,44.756299399999996,-93.4072475,1106.7348856947544
4,NS,44.7562888,-93.4072637,1104.9954889822768
4,NS,44.756277399999995,-93.4072803,1103.1720544927252
4,NS,44.756266499999995,-93.4072963,1101.4213117386914
4,NS,44.7562551,-93.4073131,1099.5864921790323
4,NS,44.7562439,-93.4073293,1097.8012110677605
4,NS,44.756232499999996,-93.4073461,1095.9663911324658
4,NS,44.7562212,-93.4073628,1094.144959978589
4,NS,44.7562092,-93.40737949999999,1092.2689871454293
4,NS,44.7561976,-93.4073966,1090.401676319746
4,NS,44.7561864,-93.40741349999999,1088.5763841547255
4,NS,44.756174699999995,-93.4074303,1086.7183603690216
4,NS,44.756163099999995,-93.4074478,1084.8280849500827
4,NS,44.7561515,-93.40746519999999,1082.9435737259041
4,NS,44.7561402,-93.40748169999999,1081.1335412964575
4,NS,44.7561283,-93.4074989,1079.2373852435637
4,NS,44.7561166,-93.40751619999999,1077.3509709247762
4,NS,44.7561046,-93.40753409999999,1075.407224880248
4,NS,44.7560928,-93.4075512,1073.524481853254
4,NS,44.7560808,-93.4075687,1071.6035795426396
4,NS,44.7560686,-93.407586,1069.6784001768149
4,NS,44.7560576,-93.40760379999999,1067.8152000864968
4,NS,44.7560576,-93.40760379999999,1067.8152000864968
4,NS,44.7560453,-93.40762149999999,1065.8597214134702
4,NS,44.7560341,-93.40763869999999,1064.0170378019088
4,NS,44.7560218,-93.40765619999999,1062.0728142012144
4,NS,44.756009299999995,-93.40767439999999,1060.073529070968
4,NS,44.7559976,-93.407692,1058.1698891050305
4,NS,44.755972899999996,-93.40772779999999,1054.2285531900438
4,NS,44.755972899999996,-93.40772779999999,1054.2285531900438
4,NS,44.7559609,-93.40774549999999,1052.2962574768505
4,NS,44.7559488,-93.4077633,1050.350570158428
4,NS,44.7559368,-93.4077818,1048.3721038827248
4,NS,44.755924199999995,-93.40779959999999,1046.387563620045
4,NS,44.7559123,-93.4078176,1044.4456588045557
4,NS,44.7559002,-93.40783549999999,1042.494259100998
4,NS,44.7558879,-93.407854,1040.4931423524818
4,NS,44.755875599999996,-93.4078723,1038.5035241084488
4,NS,44.7558637,-93.4078907,1036.5383836681315
4,NS,44.7558514,-93.4079087,1034.5659017057574
4,NS,44.755839099999996,-93.40792669999999,1032.5934195253922
4,NS,44.755826899999995,-93.4079453,1030.5940917726036
4,NS,44.7558144,-93.4079634,1028.6004713318478
4,NS,44.755801899999994,-93.4079818,1026.589801053356
4,NS,44.755789299999996,-93.4080001,1024.5771042579902
4,NS,44.755776999999995,-93.40801839999999,1022.5874842233073
4,NS,44.7557648,-93.40803679999999,1020.5997271613895
4,NS,44.7557518,-93.4080553,1018.5446237022713
4,NS,44.7557386,-93.4080736,1016.4849267397271
4,NS,44.755724699999995,-93.4080915,1014.390500166963
4,NS,44.755711999999995,-93.40811,1012.3587215544025
4,NS,44.755699,-93.4081279,1010.337018191717
4,NS,44.755686399999995,-93.4081465,1008.307245812663
4,NS,44.7556734,-93.4081647,1006.2689107088586
4,NS,44.7556604,-93.4081824,1004.2582156054418
4,NS,44.755647499999995,-93.40820049999999,1002.2333314971787
4,NS,44.755634199999996,-93.40821869999999,1000.1712046322275
4,NS,44.7556209,-93.4082366,998.1255154337464
4,NS,44.7556078,-93.4082548,996.0792785132654
4,NS,44.755594699999996,-93.408273,994.0330413634201
4,NS,44.7555808,-93.4082907,991.949237117538
4,NS,44.7555675,-93.4083086,989.903547016636
4,NS,44.755554,-93.40832669999999,987.8308644702312
4,NS,44.7555401,-93.4083443,985.7523472911023
4,NS,44.7555263,-93.4083619,983.6820851227105
4,NS,44.7555122,-93.4083789,981.6180989649437
4,NS,44.7554984,-93.40839659999999,979.5425275828408
4,NS,44.7554842,-93.40841379999999,977.4598181801026
4,NS,44.7554703,-93.4084314,975.3812998786232
4,NS,44.7554563,-93.4084481,973.3411372542346
4,NS,44.7554417,-93.4084647,971.2545913839494
4,NS,44.7554271,-93.40848179999999,969.1430201347719
4,NS,44.755412899999996,-93.4084984,967.090889893751
4,NS,44.755398199999995,-93.4085152,964.9857644642725
4,NS,44.755383599999995,-93.4085315,962.9140168316751
4,NS,44.7553686,-93.4085478,960.8072343200074
4,NS,44.7553537,-93.4085633,958.7473928101613
4,NS,44.755338599999995,-93.4085795,956.6365902944474
4,NS,44.7553236,-93.40859499999999,954.5677940518755
4,NS,44.7553086,-93.4086114,952.4561775374079
4,NS,44.7552929,-93.4086265,950.3421026552611
4,NS,44.755277199999995,-93.40864189999999,948.2145774957686
4,NS,44.7552616,-93.4086572,946.100689500389
4,NS,44.7552458,-93.4086725,943.9685142898272
4,NS,44.7552301,-93.4086876,941.8544386768871
4,NS,44.7552142,-93.4087022,939.7437824979012
4,NS,44.755198,-93.4087168,937.6051056722673
4,NS,44.7551822,-93.4087311,935.5166567753727
4,NS,44.755165999999996,-93.408745,933.4072606471632
4,NS,44.755150099999994,-93.4087603,931.2659127471686
4,NS,44.7551333,-93.4087733,929.1343833636404
4,NS,44.7551169,-93.40878699999999,927.0140644758774
4,NS,44.7551005,-93.4088001,924.917521126692
4,NS,44.7550837,-93.40881329999999,922.7783412014334
4,NS,44.7550667,-93.408827,920.6003754037405
4,NS,44.7550497,-93.4088395,918.4678869773549
4,NS,44.755033,-93.4088525,916.3460951094553
4,NS,44.755016,-93.40886479999999,914.2208698688526
4,NS,44.7549991,-93.4088773,912.0982315149471
4,NS,44.7549819,-93.4088896,909.9532011360508
4,NS,44.754964,-93.4089006,907.7815455623327
4,NS,44.7549463,-93.40891239999999,905.6039823501387
4,NS,44.754928899999996,-93.4089238,903.470036543076
4,NS,44.754911299999996,-93.4089348,901.3289131480624
4,NS,44.7548937,-93.408946,899.1813346372479
4,NS,44.754875899999995,-93.40895689999999,897.0230262995783
4,NS,44.754858399999996,-93.4089678,894.8952675556554
4,NS,44.7548403,-93.4089784,892.7155328699978
4,NS,44.754822,-93.4089884,890.5328302873575
4,NS,44.7548047,-93.4089999,888.4056014968813
4,NS,44.754786499999994,-93.409009,886.2580725108704
4,NS,44.7547686,-93.40901919999999,884.1109008406186
4,NS,44.754731899999996,-93.40903809999999,879.7657195338943
4,NS,44.754731899999996,-93.40903809999999,879.7657195338943
4,NS,44.7546946,-93.4090559,875.3864652149788
4,NS,44.754675899999995,-93.4090643,873.2038923362009
4,NS,44.7546575,-93.409072,871.0694743103669
4,NS,44.7546575,-93.409072,871.0694743103669
4,NS,44.754638799999995,-93.4090803,868.8892880070998
4,NS,44.7546211,-93.4090899,866.7802022948225
4,NS,44.754602299999995,-93.4090976,864.6031120402907
4,NS,44.7545834,-93.4091049,862.4239092075801
4,NS,44.754564699999996,-93.4091124,860.2618727761543
4,NS,44.7545455,-93.4091194,858.0565381458607
4,NS,44.7545072,-93.4091334,853.656632433285
4,NS,44.7545072,-93.4091334,853.656632433285
4,NS,44.7544878,-93.4091401,851.4355229071424
4,NS,44.754468499999994,-93.4091457,849.2443779075552
4,NS,44.7544495,-93.4091516,847.0809172921444
4,NS,44.7544314,-93.4091586,844.9937674807953
4,NS,44.7544119,-93.40916329999999,842.7939347592468
4,NS,44.7543927,-93.4091684,840.6213427024411
4,NS,44.754373,-93.40917329999999,838.3968940304277
4,NS,44.7543538,-93.4091784,836.2243019233746
4,NS,44.754334199999995,-93.40918289999999,834.0161044402637
4,NS,44.754315299999995,-93.4091874,831.8846922304422
4,NS,44.7542952,-93.40919099999999,829.6316690509437
4,NS,44.7542754,-93.4091947,827.4107088128964
4,NS,44.7542562,-93.4091985,825.2547830426086
4,NS,44.7542362,-93.40920299999999,823.0026757520686
4,NS,44.7542165,-93.4092055,820.8032586275025
4,NS,44.7541965,-93.4092082,818.5691638959016
4,NS,44.7541769,-93.4092108,816.3800946991548
4,NS,44.7541571,-93.4092131,814.170957084856
4,NS,44.754137199999995,-93.4092155,811.9500775537833
4,NS,44.754117199999996,-93.4092174,809.7211240309472
4,NS,44.7540975,-93.40921949999999,807.524316564964
4,NS,44.7540774,-93.4092215,805.2837259139294
4,NS,44.7540571,-93.4092232,803.0224808983398
4,NS,44.7540372,-93.4092257,800.8009135967486
4,NS,44.754016799999995,-93.40922669999999,798.5311631259985
4,NS,44.753997,-93.40922789999999,796.327465436326
4,NS,44.7539768,-93.40922959999999,794.077320194877
4,NS,44.753956599999995,-93.40923099999999,791.8284638546443
4,NS,44.7539364,-93.40923149999999,789.5819793652145
4,NS,44.7539161,-93.40923289999999,787.3220169055406
4,NS,44.753895899999996,-93.40923409999999,785.073881560747
4,NS,44.753875699999995,-93.409235,782.8266200456673
4,NS,44.753855099999996,-93.4092355,780.5356643204115
4,NS,44.753835699999996,-93.40923749999999,778.3727095232113
4,NS,44.7538151,-93.4092376,776.0820804239776
4,NS,44.7537947,-93.40923839999999,773.8128244794663
4,NS,44.7537744,-93.4092391,771.5548907989318
4,NS,44.7537537,-93.4092397,769.2526682573993
4,NS,44.753733499999996,-93.40924,767.0064058220978
4,NS,44.753712799999995,-93.4092407,764.7040072416961
4,NS,44.7536924,-93.4092412,762.4352871649445
4,NS,44.7536716,-93.4092421,760.1213410936501
4,NS,44.7536512,-93.40924249999999,757.8527446970808
4,NS,44.7536306,-93.4092434,755.561027016852
4,NS,44.753609499999996,-93.40924369999999,753.2146944746114
4,NS,44.753588799999996,-93.4092441,750.9127427857348
4,NS,44.753568,-93.40924439999999,748.5997669977342
4,NS,44.7535477,-93.4092446,746.3424547401921
4,NS,44.753526799999996,-93.4092452,744.0179978739526
4,NS,44.7535062,-93.4092457,741.727042144589
4,NS,44.7534856,-93.4092458,739.436413045204
4,NS,44.753464199999996,-93.4092462,737.056631994577
4,NS,44.7534438,-93.40924659999999,734.7880355964293
4,NS,44.753422799999996,-93.4092477,732.45132717281
4,NS,44.7534023,-93.4092476,730.1718174997872
4,NS,44.753381,-93.40924799999999,727.8031549573174
4,NS,44.7533603,-93.4092483,725.501298074404
4,NS,44.753339399999994,-93.4092488,723.1769887478495
4,NS,44.7533185,-93.4092488,720.853014781473
4,NS,44.753297499999995,-93.4092493,718.5175875583615
4,NS,44.7532765,-93.40924969999999,716.1822804851328
4,NS,44.753255499999995,-93.4092501,713.8469734109436
4,NS,44.7532344,-93.4092503,711.5007073066511
4,NS,44.7532138,-93.409252,709.2061616764158
4,NS,44.7531926,-93.40925179999999,706.8487763299653
4,NS,44.753172299999996,-93.4092524,704.591022143817
4,NS,44.753150399999996,-93.4092526,702.155802039407
4,NS,44.753129699999995,-93.4092526,699.8540670578293
4,NS,44.7531086,-93.40925279999999,697.5078009533129
4,NS,44.753087099999995,-93.40925329999999,695.1167840255115
4,NS,44.753065799999995,-93.4092534,692.7483189244552
4,NS,44.7530447,-93.40925349999999,690.40209268421
4,NS,44.753023899999995,-93.40925349999999,688.0892382098378
4,NS,44.753002699999996,-93.40925449999999,685.7305835701113
4,NS,44.7529812,-93.4092546,683.3398796066687
4,NS,44.7529604,-93.4092549,681.026903815327
4,NS,44.752938799999995,-93.4092548,678.6250804186596
4,NS,44.752917499999995,-93.4092544,676.2564178727968
4,NS,44.7528964,-93.4092544,673.9102049208316
4,NS,44.7528746,-93.4092548,671.485949741534
4,NS,44.7528533,-93.4092548,669.11749780398
4,NS,44.7528316,-93.4092553,666.7042448927723
4,NS,44.7528098,-93.4092553,664.2801954920363
4,NS,44.7527883,-93.40925539999999,661.8894915277203
4,NS,44.7527672,-93.40925539999999,659.5432785757552
4,NS,44.7527457,-93.4092553,657.1525746114198
4,NS,44.7527239,-93.40925539999999,654.7285123489468
4,NS,44.752702299999996,-93.40925539999999,652.3267019330095
4,NS,44.752680399999996,-93.4092558,649.8913281990903
4,NS,44.7526588,-93.4092558,647.4895177839431
4,NS,44.7526371,-93.40925589999999,645.0765749549553
4,NS,44.752615399999996,-93.4092557,642.6635933624148
4,NS,44.7525937,-93.409256,640.2505471673614
4,NS,44.752571599999996,-93.40925709999999,637.7916046107871
4,NS,44.7525501,-93.4092572,635.4009006471499
4,NS,44.752528399999996,-93.4092573,632.9879578173234
4,NS,44.7525061,-93.40925759999999,630.5081977946083
4,NS,44.7524844,-93.4092579,628.0951515991042
4,NS,44.752463,-93.409258,625.7155670664953
4,NS,44.752441,-93.40925759999999,623.2690747691076
4,NS,44.7524191,-93.40925829999999,620.8332786006314
4,NS,44.7523969,-93.40925849999999,618.3647007093359
4,NS,44.7523749,-93.40925899999999,615.9180937187241
4,NS,44.7523535,-93.4092603,613.5363090208671
4,NS,44.7523315,-93.4092606,611.0899059320489
4,NS,44.7523092,-93.4092608,608.6102087743496
4,NS,44.7522869,-93.4092615,606.1299458814207
4,NS,44.7522648,-93.4092617,603.6724872533041
4,NS,44.752243199999995,-93.4092618,601.2706638563243
4,NS,44.7522206,-93.4092625,598.7570506597963
4,NS,44.752198299999996,-93.4092629,596.2772026253111
4,NS,44.7521756,-93.4092632,593.752966624837
4,NS,44.752153899999996,-93.409263,591.3399850314637
4,NS,44.7521315,-93.4092642,588.8474168039887
4,NS,44.7521092,-93.4092647,586.3674556185048
4,NS,44.7520871,-93.4092652,583.9097305734024
4,NS,44.7520648,-93.4092653,581.4300711358354
4,NS,44.7520422,-93.40926549999999,578.9170161669051
4,NS,44.7520198,-93.4092661,576.425799218568
4,NS,44.7519974,-93.40926639999999,573.934920206226
4,NS,44.751974999999995,-93.409267,571.4437032564005
4,NS,44.7519522,-93.40926739999999,568.9082621691351
4,NS,44.751929399999995,-93.4092678,566.3728210809105
4,NS,44.7519079,-93.40926929999999,563.9791975954656
4,NS,44.751885,-93.4092695,561.432784798787
4,NS,44.751862599999995,-93.40926999999999,558.9417055200937
4,NS,44.751840099999995,-93.40927049999999,556.4395081397413
4,NS,44.751817599999995,-93.4092707,553.9375724426524
4,NS,44.751795,-93.4092713,551.4241204928688
4,NS,44.7517716,-93.4092714,548.8221472263018
4,NS,44.7517491,-93.4092719,546.3199498449684
4,NS,44.7517261,-93.4092726,543.7618692359484
4,NS,44.7517034,-93.40927239999999,541.2376949922527
4,NS,44.751681399999995,-93.409274,538.7881459802583
4,NS,44.7516591,-93.4092742,536.3084488214276
4,NS,44.7516361,-93.4092745,533.7508557904534
4,NS,44.751613,-93.4092751,531.1818160391334
4,NS,44.75159,-93.40927549999999,528.6241376746623
4,NS,44.7515668,-93.40927579999999,526.0443066036461
4,NS,44.7515442,-93.4092763,523.530991105591
4,NS,44.7515211,-93.4092762,520.9623761616798
4,NS,44.7514982,-93.4092763,518.4160000973357
4,NS,44.7514754,-93.4092768,515.8804483333116
4,NS,44.751452099999995,-93.4092778,513.2884033925113
4,NS,44.7514293,-93.409278,510.753109873045
4,NS,44.751405999999996,-93.4092781,508.1622560476925
4,NS,44.751383,-93.40927889999999,505.6039926114872
4,NS,44.7513596,-93.4092788,503.00201934553945
4,NS,44.751337,-93.4092793,500.48870384527834
4,NS,44.7513138,-93.40927909999999,497.90893320256976
4,NS,44.7512908,-93.4092795,495.3512548360652
4,NS,44.7512676,-93.4092799,492.77133916518915
4,NS,44.751244299999996,-93.4092798,490.1804853397659
4,NS,44.751221799999996,-93.40928,487.6785496416492
4,NS,44.751198099999996,-93.40928029999999,485.04312340078326
4,NS,44.7511748,-93.40928009999999,482.4522334733218
4,NS,44.7511516,-93.4092802,479.8724990887822
4,NS,44.751128099999995,-93.4092804,477.2593705845356
4,NS,44.7511053,-93.409281,474.7236835555503
4,NS,44.751081899999996,-93.4092806,472.1215305505027
4,NS,44.7510584,-93.4092806,469.50844977463225
4,NS,44.751034999999995,-93.40928079999999,466.90644055907205
4,NS,44.7510123,-93.4092809,464.3823033722288
4,NS,44.7509893,-93.4092816,461.8242227479813
4,NS,44.750965799999996,-93.4092814,459.2110942434666
4,NS,44.7509428,-93.4092818,456.65341587461324
4,NS,44.7509193,-93.40928219999999,454.04014419226263
4,NS,44.7508966,-93.4092824,451.5159699471875
4,NS,44.7508736,-93.4092829,448.95818186505716
4,NS,44.750850199999995,-93.409283,446.3562085981047
4,NS,44.7508268,-93.4092828,443.7541993829824
4,NS,44.750803499999996,-93.4092831,441.1632492831274
4,NS,44.7507806,-93.409283,438.6168732184826
4,NS,44.7507571,-93.40928339999999,436.0036015350605
4,NS,44.7507343,-93.40928369999999,433.46824652303144
4,NS,44.7507107,-93.4092842,430.84374923072403
4,NS,44.7506874,-93.40928459999999,428.25271489306544
4,NS,44.7506638,-93.4092845,425.6285027427922
4,NS,44.750641099999996,-93.4092848,423.1042667356249
4,NS,44.750617299999995,-93.4092852,420.45763897912053
4,NS,44.7505944,-93.4092857,417.9109690561155
4,NS,44.7505709,-93.40928629999999,415.29745875508667
4,NS,44.750547999999995,-93.40928699999999,412.7504950059479
4,NS,44.750524299999995,-93.40928699999999,410.1151752444887
4,NS,44.7505011,-93.4092871,407.5354408604671
4,NS,44.750477499999995,-93.4092877,404.910812884197
4,NS,44.750453799999995,-93.4092885,402.27473600976725
4,NS,44.750431,-93.4092888,399.7393809973666
4,NS,44.750407599999996,-93.40928919999999,397.1372279878456
4,NS,44.7503844,-93.4092898,394.5570706090954
4,NS,44.7503615,-93.40929059999999,392.0099232315933
4,NS,44.750338,-93.40929129999999,389.3962578368776
4,NS,44.7503148,-93.4092917,386.81634215962606
4,NS,44.7502913,-93.4092924,384.20267676396577
4,NS,44.7502676,-93.4092922,381.56730967626856
4,NS,44.7502443,-93.40929299999999,378.97569777284855
4,NS,44.750221499999995,-93.4092936,376.4400107295141
4,NS,44.750197899999996,-93.40929419999999,373.8153827498962
4,NS,44.7501751,-93.4092946,371.27994165051706
4,NS,44.7501519,-93.40929489999999,368.7001105741751
4,NS,44.7501286,-93.4092957,366.1084986676449
4,NS,44.7501057,-93.40929609999999,363.5619389342165
4,NS,44.750082299999995,-93.40929659999999,360.9596780818376
4,NS,44.7500595,-93.4092975,358.4234377480935
4,NS,44.750036699999995,-93.40929779999999,355.88808273339254
4,NS,44.7500137,-93.40929829999999,353.3302946421939
4,NS,44.7499909,-93.4092984,350.79503801629915
4,NS,44.7499683,-93.40929899999999,348.2815860375175
4,NS,44.7499454,-93.40929969999999,345.7346222766602
4,NS,44.7499228,-93.4092998,343.2216045266965
4,NS,44.7499008,-93.4093001,340.77520142823016
4,NS,44.7498776,-93.4093006,338.19517697711285
4,NS,44.7498553,-93.4093013,335.7149140323526
4,NS,44.7498331,-93.4093027,333.2439121673292
4,NS,44.749811199999996,-93.40930329999999,330.80828236141514
4,NS,44.7497885,-93.40930329999999,328.2841575271098
4,NS,44.7497663,-93.4093039,325.81517546947794
4,NS,44.7497439,-93.40930469999999,323.3236080542784
4,NS,44.7497219,-93.4093058,320.8757778670465
4,NS,44.749699799999995,-93.4093063,318.41805279574334
4,NS,44.749677399999996,-93.4093066,315.9271737743569
4,NS,44.7496552,-93.40930739999999,313.45783812787136
4,NS,44.7496328,-93.4093082,310.96627070956424
4,NS,44.7496101,-93.40930879999999,308.44170119969215
4,NS,44.749587899999995,-93.4093094,305.9727191392537
4,NS,44.749566,-93.4093101,303.53692290964136
4,NS,44.749544199999995,-93.4093109,301.11205040383527
4,NS,44.7495224,-93.4093118,298.68695930789806
4,NS,44.749500499999996,-93.4093121,296.2516751768547
4,NS,44.7494783,-93.4093132,293.7816198734209
4,NS,44.749456699999996,-93.409314,291.37897873197295
4,NS,44.749456699999996,-93.409314,291.37897873197295
4,NS,44.7494346,-93.4093152,288.91974437074674
4,NS,44.749391499999994,-93.40931669999999,284.12577935153
4,NS,44.7493698,-93.4093181,281.7103179530061
4,NS,44.749348,-93.4093183,279.2862170997135
4,NS,44.7493258,-93.40931979999999,276.81484927210295
4,NS,44.7493049,-93.4093201,274.49075455311595
4,NS,44.749283,-93.4093207,272.05512473877843
4,NS,44.7492618,-93.4093207,269.6977922940188
4,NS,44.7492406,-93.4093213,267.3399837116662
4,NS,44.7492192,-93.40932199999999,264.9597702832682
4,NS,44.749198,-93.40932289999999,262.6013666625416
4,NS,44.749176299999995,-93.4093228,260.18842383121614
4,NS,44.7491548,-93.40932319999999,257.79752423237727
4,NS,44.749133799999996,-93.40932389999999,255.46177654726162
4,NS,44.749112499999995,-93.40932389999999,253.09332460970762
4,NS,44.749112499999995,-93.40932389999999,253.09332460970762
4,NS,44.7490909,-93.4093247,250.69068345850675
4,NS,44.7490703,-93.4093244,248.39994545849117
4,NS,44.7490283,-93.409325,243.72951818348665
4,NS,44.7490283,-93.409325,243.72951818348665
4,NS,44.7489862,-93.40932579999999,239.04778549500716
4,NS,44.7489862,-93.40932579999999,239.04778549500716
4,NS,44.748964699999995,-93.4093257,236.65708152896548
4,NS,44.748944099999996,-93.4093255,234.36641158969636
4,NS,44.7489233,-93.40932579999999,232.05343578219583
4,NS,44.7489025,-93.4093257,229.74056782595449
4,NS,44.748882099999996,-93.4093264,227.47151785465678
4,NS,44.7488618,-93.4093267,225.21413652171498
4,NS,44.7488409,-93.4093267,222.89016255454848
4,NS,44.748820099999996,-93.40932649999999,220.57725415300945
4,NS,44.748799299999995,-93.4093269,218.26418397735796
4,NS,44.748779,-93.4093271,216.00687171148863
4,NS,44.748758599999995,-93.4093273,213.73844022284968
4,NS,44.7487382,-93.40932749999999,211.4700087349698
4,NS,44.7487183,-93.4093279,209.25700423868054
4,NS,44.7486983,-93.4093283,207.03288137660942
4,NS,44.7486779,-93.4093283,204.76450487262485
4,NS,44.7486578,-93.4093285,202.52943104152803
4,NS,44.7486384,-93.4093291,200.37172914875828
4,NS,44.7486189,-93.4093295,198.20319799780526
4,NS,44.7485998,-93.4093298,196.07924276524673
4,NS,44.7485803,-93.40933009999999,193.91081227170406
4,NS,44.7485606,-93.4093305,191.72004447031063
4,NS,44.7485419,-93.4093309,189.640459418341
4,NS,44.748523399999996,-93.4093312,187.58321685545582
4,NS,44.748504499999996,-93.40933179999999,185.48109866186948
4,NS,44.7484867,-93.40933179999999,183.501828968169
4,NS,44.7484682,-93.4093323,181.44434390308928
4,NS,44.7484501,-93.4093323,179.43171573100562
4,NS,44.7484319,-93.40933249999999,177.40790643447772
4,NS,44.7484142,-93.40933249999999,175.43975623278158
4,NS,44.7483959,-93.40933319999999,173.40413833904242
4,NS,44.748377999999995,-93.4093331,171.41373348540566
4,NS,44.7483606,-93.4093333,169.47887729672703
4,NS,44.7483432,-93.40933369999999,167.5438277247003
4,NS,44.7483262,-93.4093336,165.65349747600516
4,NS,44.7483091,-93.4093341,163.7516542898187
4,NS,44.748292199999995,-93.40933419999999,161.8724434355011
4,NS,44.7482754,-93.409334,160.00430190035715
4,NS,44.748258199999995,-93.4093343,158.09160243084693
4,NS,44.7482416,-93.4093346,156.24561461491334
4,NS,44.748224799999996,-93.4093347,154.3775231545771
4,NS,44.748207,-93.4093345,152.39819044378973
4,NS,44.7481911,-93.4093346,150.6301734729643
4,NS,44.7481745,-93.409335,148.78406741544555
4,NS,44.7481576,-93.40933489999999,146.90485656183603
4,NS,44.7481407,-93.40933509999999,145.0255959286408
4,NS,44.748124399999995,-93.4093348,143.21296379094332
4,NS,44.7481078,-93.409335,141.3670604365843
4,NS,44.7480913,-93.4093346,139.53207223328857
4,NS,44.7480749,-93.4093353,137.707637753286
4,NS,44.748058799999995,-93.4093353,135.91739943393
4,NS,44.748042399999996,-93.40933559999999,134.09364874781406
4,NS,44.7480267,-93.4093353,132.34772764969736
4,NS,44.7480106,-93.40933539999999,130.55747191305622
4,NS,44.747994999999996,-93.40933559999999,128.8227591525856
4,NS,44.747979099999995,-93.4093355,127.05474218163077
4,NS,44.747963999999996,-93.4093353,125.37562450421846
4,NS,44.7479486,-93.40933539999999,123.6632044245863
4,NS,44.7479337,-93.4093348,122.00572259905857
4,NS,44.747918299999995,-93.4093345,120.29315684672403
4,NS,44.7479034,-93.409334,118.63588198097779
4,NS,44.7478882,-93.40933319999999,116.94453873506474
4,NS,44.7478736,-93.4093329,115.3209199451349
4,NS,44.7478591,-93.40933179999999,113.70625503228898
4,NS,44.747844199999996,-93.409331,112.04824651360676
4,NS,44.7478297,-93.40933,110.43398720719306
4,NS,44.7478155,-93.4093293,108.8540518498391
4,NS,44.7478011,-93.4093283,107.2508986270322
4,NS,44.7477863,-93.4093267,105.60037008065879
4,NS,44.747771799999995,-93.4093262,103.98756020796097
4,NS,44.747757899999996,-93.40932579999999,102.44162795867663
4,NS,44.7477436,-93.409324,100.84519924051146
4,NS,44.7477302,-93.40932319999999,99.35384843314698
4,NS,44.7477163,-93.4093224,97.80694827903187
4,NS,44.7477026,-93.4093218,96.28284105118574
4,NS,44.7476888,-93.4093212,94.74761966704035
4,NS,44.7476749,-93.4093206,93.20128404915398
4,NS,44.747661099999995,-93.4093199,91.66579863343192
4,NS,44.7476479,-93.40931909999999,90.1966665417066
4,NS,44.7476345,-93.40931859999999,88.70613141484321
4,NS,44.7476207,-93.4093176,87.16961062482243
4,NS,44.7476068,-93.409317,85.62327500522547
4,NS,44.7475938,-93.40931619999999,84.17636100688371
4,NS,44.7475805,-93.40931549999999,82.69643565580331
4,NS,44.747567,-93.4093152,81.19511719976985
4,NS,44.747553599999996,-93.40931429999999,79.7034109678825
4,NS,44.747540799999996,-93.409314,78.27991873819926
4,NS,44.747527999999996,-93.40931359999999,76.85627317387377
4,NS,44.747515,-93.4093135,75.41071755605252
4,NS,44.7475021,-93.40931309999999,73.97595521503978
4,NS,44.7474893,-93.40931289999999,72.55257251993102
4,NS,44.7474767,-93.4093128,71.15149418765512
4,NS,44.7474639,-93.409313,69.72811149246934
4,NS,44.7474512,-93.40931259999999,68.31558266081854
4,NS,44.7474389,-93.409312,66.94706451500183
4,NS,44.747426399999995,-93.40931189999999,65.55710549663347
4,NS,44.7474144,-93.40931139999999,64.22218225868407
4,NS,44.7474025,-93.4093111,62.89875055273752
4,NS,44.7473903,-93.40931119999999,61.54214946106215
4,NS,44.7473782,-93.4093113,60.19666767219653
4,NS,44.7473665,-93.4093109,58.89530358087683
4,NS,44.747354,-93.40931069999999,57.50527726064846
4,NS,44.7473427,-93.40931049999999,56.24867532261032
4,NS,44.7473312,-93.4093104,54.96990928049947
4,NS,44.747319499999996,-93.4093102,53.66883276546925
4,NS,44.7473077,-93.4093101,52.35670886571182
4,NS,44.7472959,-93.4093098,51.044394853990724
4,NS,44.747284099999995,-93.4093096,49.732199658474606
4,NS,44.7472725,-93.4093098,48.44224181044086
4,NS,44.747261099999996,-93.4093096,47.17452125002153
4,NS,44.747249499999995,-93.4093096,45.88466010088286
4,NS,44.7472381,-93.40931049999999,44.61504690154617
4,NS,44.7472267,-93.4093102,43.347203357303286
4,NS,44.747215499999996,-93.4093099,42.10159484525333
4,NS,44.7472044,-93.4093102,40.86710379704248
4,NS,44.747193499999995,-93.4093099,39.65484756174303
4,NS,44.747182599999995,-93.40930999999999,38.44279713316792
4,NS,44.747171699999996,-93.4093103,37.23054089846185
4,NS,44.7471611,-93.4093104,36.05184822010942
4,NS,44.7471506,-93.4093108,34.88387422996462
4,NS,44.747140099999996,-93.40931049999999,33.71608714680805
4,NS,44.7471301,-93.4093108,32.60388551253705
4,NS,44.7471198,-93.40931139999999,31.457598004826725
4,NS,44.7471093,-93.4093111,30.28981092143681
4,NS,44.7470992,-93.4093109,29.16663110226891
4,NS,44.747089599999995,-93.4093111,28.09904296167651
4,NS,44.747079799999995,-93.40931119999999,27.009304064369317
4,NS,44.7470706,-93.40931119999999,25.986310739925976
4,NS,44.7470614,-93.4093111,24.96328693236205
4,NS,44.7470524,-93.4093113,23.96240795970185
4,NS,44.747043,-93.40931139999999,22.917145815071756
4,NS,44.7470334,-93.4093116,21.849557675042167
4,NS,44.7470249,-93.409312,20.90387305506255
4,NS,44.7470165,-93.4093123,19.969535246046497
4,NS,44.747008099999995,-93.4093127,19.03496383866828
4,NS,44.7469995,-93.40931289999999,18.07855704085306
4,NS,44.746991799999996,-93.40931289999999,17.22235610516536
4,NS,44.7469839,-93.4093127,16.343774200013364
4,NS,44.7469767,-93.40931289999999,15.543014942093265
4,NS,44.746969199999995,-93.40931259999999,14.708716528809937
4,NS,44.746961899999995,-93.4093127,13.89695514840434
4,NS,44.7469544,-93.4093134,13.061162981760774
4,NS,44.7469482,-93.4093133,12.371709205181165
4,NS,44.746942,-93.40931359999999,11.681893685538853
4,NS,44.746935199999996,-93.4093135,10.925726943739022
4,NS,44.7469294,-93.4093139,10.280023197281036
4,NS,44.7469234,-93.40931409999999,9.61266670172471
4,NS,44.746917499999995,-93.4093145,8.955856550691298
4,NS,44.7469119,-93.4093145,8.333164962105808
4,NS,44.7469067,-93.40931429999999,7.754735657823012
4,NS,44.746901699999995,-93.40931429999999,7.198761024423744
4,NS,44.746896199999995,-93.4093154,6.581049987017775
4,NS,44.7468919,-93.40931549999999,6.102846588257532
4,NS,44.7468874,-93.4093154,5.6024071011807015
4,NS,44.7468831,-93.4093158,5.123226542404095
4,NS,44.746879199999995,-93.4093161,4.688919633188087
4,NS,44.746874899999995,-93.4093159,4.210520642022694
4,NS,44.7468718,-93.4093157,3.8654546972578347
4,NS,44.7468684,-93.4093159,3.4870621564400146
4,NS,44.746865199999995,-93.4093164,3.129054129633066
4,NS,44.7468623,-93.40931619999999,2.8062022554877166
4,NS,44.7468588,-93.4093163,2.4169398939018434
4,NS,44.746856799999996,-93.4093166,2.1932916044420643
4,NS,44.746855,-93.40931669999999,1.9929849950740222
4,NS,44.746853099999996,-93.4093166,1.781567083940705
4,NS,44.7468515,-93.4093166,1.6036552016005778
4,NS,44.7468499,-93.4093164,1.4250435859272963
4,NS,44.7468486,-93.4093165,1.2802746159100653
4,NS,44.746847599999995,-93.4093166,1.1687995977875587
4,NS,44.7468466,-93.4093169,1.0551086909941367
4,NS,44.7468462,-93.4093165,1.0005543563377366
4,NS,44.7468447,-93.4093169,0.8307969203098993
4,NS,44.746844499999995,-93.4093168,0.8071973370885339
4,NS,44.746843899999995,-93.4093173,0.7296708988969882
4,NS,44.7468435,-93.4093173,0.6851929285094783
4,NS,44.7468441,-93.40931719999999,0.618010192018618
4,NS,44.746843899999995,-93.4093169,0.5855158359136013
4,NS,44.746843999999996,-93.4093169,0.574396343119202
4,NS,44.7468444,-93.40931669999999,0.5271971762643385
4,NS,44.7468443,-93.4093168,0.5135585917896381
4,NS,44.7468442,-93.40931669999999,0.4999200073070269
4,NS,44.7468438,-93.4093178,0.40232492231812206
4,NS,44.7468444,-93.4093177,0.3351421859640035
4,NS,44.7468441,-93.409318,0.29422643381586555
4,NS,44.7468444,-93.40931789999999,0.25994588617253117
4,NS,44.7468441,-93.4093177,0.22303708673558453
4,NS,44.7468441,-93.4093176,0.21513975383084316
4,NS,44.7468441,-93.4093176,0.21513975383084316
4,NS,44.7468441,-93.409318,0.18355042445643452
4,NS,44.746844499999995,-93.40931839999999,0.12899608913551086
4,NS,44.746843999999996,-93.4093181,0.06856109425614212
4,NS,44.746844599999996,-93.4093183,0.0
4,NS,44.746844599999996,-93.4093183,0.0
4,NS,44.746844599999996,-93.4093183,0.0
4,NS,44.746844599999996,-93.4093183,0.0
4,NS,44.746844599999996,-93.4093183,0.0
4,NS,44.746844599999996,-93.4093183,0.0
4,NS,44.746844599999996,-93.4093183,0.0
4,NS,44.746844599999996,-93.4093183,0.0
4,NS,44.746844599999996,-93.4093183, 0.00
